variant_key,gene,title,review_status,submitter_count,variant_type,functional_class,global_af,global_ac,popmax_population,popmax_population_label,popmax_af,popmax_ac,popmax_global_ratio,log10_popmax_lift,is_robust_lift_outlier,rare_global_pop_enriched
6:123438063:CT:C,TRDN,NM_006073.4(TRDN):c.1050del (p.Glu351fs),"criteria provided, single submitter",1.0,deletion,LOF,2.774748677138568e-05,40.0,amr,AMR,0.0002182135583357,9.0,7.864263645544536,0.8956580645755892,False,True
7:150950197:A:G,KCNH2,NM_000238.4(KCNH2):c.2369T>C (p.Leu790Pro),"criteria provided, multiple submitters, no conflicts",2.0,SNV,missense,7.213041178450639e-06,9.0,mid,MID,0.0002143163309044,1.0,29.712335877458454,1.4729367958229507,False,True
10:18514531:G:T,CACNB2,NM_201596.3(CACNB2):c.804+162G>T,"criteria provided, single submitter",1.0,SNV,splice_or_intronic,1.1632028310988434e-05,17.0,sas,SAS,0.0001970877388239,17.0,16.943538788860945,1.2290041212231118,False,True
1:115705205:TC:T,CASQ2,NM_001232.4(CASQ2):c.925del (p.Asp309fs),"criteria provided, multiple submitters, no conflicts",2.0,deletion,LOF,6.84958717538094e-07,1.0,mid,MID,0.0001734906315058,1.0,253.28589121907208,2.403610998964032,False,True
1:115701413:C:T,CASQ2,NM_001232.4(CASQ2):c.1028G>A (p.Trp343Ter),"criteria provided, multiple submitters, no conflicts",2.0,SNV,LOF,3.425131422292673e-06,5.0,afr,AFR,0.0001495662578522,5.0,43.667292358899566,1.6401562638232159,False,True
6:123547340:CT:C,TRDN,NM_006073.4(TRDN):c.423del (p.Glu142fs),"criteria provided, multiple submitters, no conflicts",2.0,deletion,LOF,1.4587780046988007e-05,19.0,amr,AMR,0.0001336541031809,3.0,9.162058557802117,0.9619930631712438,False,True
7:150950166:A:C,KCNH2,NM_000238.4(KCNH2):c.2398+2T>G,"criteria provided, single submitter",1.0,SNV,LOF,4.367018818211924e-05,24.0,asj,ASJ,0.0001315270288044,2.0,3.0118264259375755,0.47882993949757335,False,True
6:123529317:C:T,TRDN,NM_006073.4(TRDN):c.484+1189G>A,"criteria provided, single submitter",1.0,SNV,splice_or_intronic,5.012186774127951e-06,7.0,amr,AMR,0.000112101339611,4.0,22.36575037943466,1.3495834734982108,False,True
11:2587679:AG:A,KCNQ1,NM_000218.3(KCNQ1):c.1239del (p.Lys414fs),"criteria provided, multiple submitters, no conflicts",2.0,deletion,LOF,2.737022748764577e-06,4.0,amr,AMR,8.944543828264758e-05,4.0,32.67981847911294,1.5142796355672767,False,True
11:2768920:G:A,KCNQ1,NM_000218.3(KCNQ1):c.1590+1G>A,"criteria provided, multiple submitters, no conflicts",2.0,SNV,LOF,2.053657975586114e-06,3.0,amr,AMR,6.709308046696784e-05,3.0,32.6700208089902,1.5141494110970088,False,True
1:115740767:G:A,CASQ2,NM_001232.4(CASQ2):c.381C>T (p.Gly127=),"criteria provided, multiple submitters, no conflicts",2.0,SNV,other_or_unresolved,8.897357347985227e-06,13.0,amr,AMR,6.707807888382076e-05,3.0,7.5391006251884125,0.8773195399261694,False,True
6:123516188:TC:T,TRDN,NM_006073.4(TRDN):c.502del (p.Glu168fs),"criteria provided, single submitter",1.0,deletion,LOF,3.751489341268484e-06,5.0,sas,SAS,6.617783307303386e-05,5.0,17.64041169053291,1.2465087164443456,False,True
7:150948439:CTCA:C,KCNH2,NM_000238.4(KCNH2):c.2692+2_2692+4del,"criteria provided, single submitter",1.0,deletion,splice_or_intronic,2.7727944499746288e-06,4.0,fin,FIN,6.611424541607899e-05,3.0,23.84389602799007,1.377377219407707,False,True
3:38580945:C:A,SCN5A,NM_000335.5(SCN5A):c.3214G>T (p.Glu1072Ter),"criteria provided, single submitter",1.0,SNV,LOF,2.068392073370004e-06,3.0,afr,AFR,6.006366748753679e-05,2.0,29.03880759457191,1.4629787791861253,False,True
6:123636745:TAGCAATACCTTC:T,TRDN,NM_006073.4(TRDN):c.19_22+8del,"criteria provided, single submitter",1.0,deletion,splice_or_intronic,1.3703867642564762e-06,2.0,eas,EAS,5.052801778586226e-05,2.0,36.871329490654766,1.5666887974934323,False,True
1:115705294:T:C,CASQ2,NM_001232.4(CASQ2):c.839-2A>G,"criteria provided, single submitter",1.0,SNV,LOF,1.3783198556623447e-06,2.0,amr,AMR,4.473272198613286e-05,2.0,32.45450636719618,1.5112750079014932,False,True
7:150947380:GCCGC:G,KCNH2,NM_000238.4(KCNH2):c.3096_3099del (p.Arg1033fs),"criteria provided, multiple submitters, no conflicts",2.0,deletion,LOF,1.432334375595314e-06,2.0,asj,ASJ,3.980891719745223e-05,1.0,27.793014733652488,1.443935657650981,False,True
11:2775959:G:A,KCNQ1,NM_000218.3(KCNQ1):c.1591-1G>A,"criteria provided, multiple submitters, no conflicts",2.0,SNV,LOF,1.4245501270698712e-06,2.0,asj,ASJ,3.968253968253968e-05,1.0,27.85617162380255,1.4449214294998787,False,True
11:2570686:G:C,KCNQ1,NM_000218.3(KCNQ1):c.536G>C (p.Gly179Ala),"criteria provided, single submitter",1.0,SNV,missense,2.054848002893226e-06,3.0,fin,FIN,3.8743171516020304e-05,2.0,18.854510701988296,1.2754152664057186,False,True
3:38608210:AT:A,SCN5A,NM_000335.5(SCN5A):c.938del (p.Asn313fs),"criteria provided, single submitter",1.0,deletion,LOF,6.876056334154334e-07,1.0,asj,ASJ,3.8337678270203954e-05,1.0,55.755249305515875,1.7462857620717334,False,True
3:38575364:T:TG,SCN5A,NM_000335.5(SCN5A):c.3595dup (p.His1199fs),"criteria provided, multiple submitters, no conflicts",2.0,duplication,LOF,6.851933821282381e-07,1.0,asj,ASJ,3.832592365476008e-05,1.0,55.9343824970053,1.7476788479301115,False,True
11:2572072:G:GGA,KCNQ1,NM_000218.3(KCNQ1):c.745_746dup (p.Leu250fs),"criteria provided, multiple submitters, no conflicts",2.0,duplication,LOF,6.84671706763324e-07,1.0,asj,ASJ,3.828190797029324e-05,1.0,55.91271361066016,1.747510570375952,False,True
1:115768444:C:T,CASQ2,NM_001232.4(CASQ2):c.98G>A (p.Arg33Gln),"criteria provided, multiple submitters, no conflicts",2.0,SNV,missense,1.0267488613355128e-05,15.0,asj,ASJ,3.827311696264544e-05,1.0,3.7276023062991794,0.5714295717632544,False,True
12:2593260:C:T,CACNA1C,NM_000719.7(CACNA1C):c.2578C>T (p.Arg860Ter),"criteria provided, multiple submitters, no conflicts",2.0,SNV,LOF,6.842753524018065e-07,1.0,asj,ASJ,3.827018752391887e-05,1.0,55.92797177571708,1.7476290699524952,False,True
4:113355492:C:T,ANK2,NM_001148.6(ANK2):c.6874C>T (p.Arg2292Ter),no assertion criteria provided,,SNV,LOF,1.3682492293336216e-06,2.0,asj,ASJ,3.8267258533598655e-05,1.0,27.968027129245172,1.4466618322241804,False,True
3:38581292:ATC:A,SCN5A,NM_000335.5(SCN5A):c.2865_2866del (p.Glu955fs),"criteria provided, multiple submitters, no conflicts",2.0,deletion,LOF,4.791389735748012e-06,7.0,asj,ASJ,3.826432999158185e-05,1.0,7.986059393172863,0.9023325357645697,False,True
11:2445144:GGT:G,KCNQ1,NM_000218.3(KCNQ1):c.47_48del (p.Gly16fs),"criteria provided, single submitter",1.0,deletion,LOF,1.0193098049448758e-06,1.0,sas,SAS,3.807493146512336e-05,1.0,37.35360429852644,1.5723325138204538,False,True
12:2651596:CT:C,CACNA1C,NM_000719.7(CACNA1C):c.3946-43del,"criteria provided, single submitter",1.0,deletion,splice_or_intronic,2.0525170701003e-06,3.0,fin,FIN,3.747423646243208e-05,2.0,18.257689424678656,1.2614458151694876,False,True
15:73343470:C:T,HCN4,NM_005477.3(HCN4):c.1124G>A (p.Arg375His),"criteria provided, single submitter",1.0,SNV,missense,2.0521436008006096e-06,3.0,fin,FIN,3.744056310606911e-05,2.0,18.24460327574495,1.2611344241803575,False,True
1:115727014:C:A,CASQ2,NM_001232.4(CASQ2):c.715G>T (p.Glu239Ter),"criteria provided, multiple submitters, no conflicts",2.0,SNV,LOF,2.2557001542898904e-06,3.0,sas,SAS,3.53090720775858e-05,3.0,15.653258416096051,1.1946047549708787,False,True
6:123530547:GTCTTA:G,TRDN,NM_006073.4(TRDN):c.438_442del (p.Asp146_Lys147insTer),"criteria provided, multiple submitters, no conflicts",2.0,deletion,LOF,8.154670542249349e-06,9.0,sas,SAS,3.4233679093492176e-05,2.0,4.198045245124528,0.623047114951962,False,True
3:38603712:C:T,SCN5A,NM_000335.5(SCN5A):c.1890G>A (p.Thr630=),"criteria provided, multiple submitters, no conflicts",2.0,SNV,other_or_unresolved,1.4756161804265416e-06,2.0,amr,AMR,3.419271011420365e-05,1.0,23.17180334286967,1.3649598340222142,False,True
7:150958081:CG:C,KCNH2,NM_000238.4(KCNH2):c.893del (p.Pro298fs),"criteria provided, multiple submitters, no conflicts",2.0,deletion,LOF,3.5673706872718e-06,4.0,sas,SAS,3.380434047731729e-05,1.0,9.475979640116968,0.976624118936085,False,True
6:123516159:CT:C,TRDN,NM_006073.4(TRDN):c.531del (p.Glu178fs),"criteria provided, multiple submitters, no conflicts",2.0,deletion,LOF,2.240414387045028e-06,3.0,afr,AFR,3.33000333000333e-05,1.0,14.863330475494562,1.1721161341262178,False,True
3:38587561:TC:T,SCN5A,NM_000335.5(SCN5A):c.2274del (p.Ile759fs),"criteria provided, multiple submitters, no conflicts",2.0,deletion,LOF,2.052421583812688e-06,3.0,remaining,Remaining,3.3126842680624107e-05,2.0,16.140362097890165,1.2079132735924716,False,True
3:38551460:G:A,SCN5A,NM_000335.5(SCN5A):c.4909C>T (p.Arg1637Ter),"criteria provided, multiple submitters, no conflicts",2.0,SNV,LOF,4.104371429196857e-06,6.0,remaining,Remaining,3.311587243765937e-05,2.0,8.068437747531474,0.9067894525278514,False,True
11:2445200:C:A,KCNQ1,NM_000218.3(KCNQ1):c.102C>A (p.Cys34Ter),"criteria provided, multiple submitters, no conflicts",2.0,SNV,LOF,3.003045087718947e-06,3.0,sas,SAS,3.278043663541598e-05,1.0,10.915729122331035,1.0380527499607997,False,True
3:38608150:C:A,SCN5A,NM_000335.5(SCN5A):c.998+1G>T,"criteria provided, single submitter",1.0,SNV,LOF,6.903779266846257e-07,1.0,afr,AFR,3.0111412225233363e-05,1.0,43.61577687464475,1.6396436124387317,False,True
6:123377715:C:A,TRDN,NM_006073.4(TRDN):c.1246+1G>T,"criteria provided, single submitter",1.0,SNV,LOF,2.053511778943564e-06,3.0,afr,AFR,2.990251779199809e-05,1.0,14.561642420059123,1.1632103621844783,False,True
4:113373174:G:T,ANK2,NM_001148.6(ANK2):c.11694+1G>T,"criteria provided, single submitter",1.0,SNV,LOF,6.843090668214118e-07,1.0,afr,AFR,2.988464526926065e-05,1.0,43.6712065454092,1.6401951907483345,False,True
4:113356680:C:T,ANK2,NM_001148.6(ANK2):c.8062C>T (p.Arg2688Ter),"criteria provided, single submitter",1.0,SNV,LOF,2.052244676819349e-06,3.0,afr,AFR,2.987571701720841e-05,1.0,14.557573859047409,1.1630890022143996,False,True
3:38566555:G:A,SCN5A,NM_198056.2(SCN5A):c.[3694C>T;4859C>T],no assertion criteria provided,,SNV,other_or_unresolved,3.4209226365187595e-06,5.0,afr,AFR,2.9870362626202283e-05,1.0,8.731666298344887,0.9410971297447622,False,True
21:34449497:G:T,KCNE1,NM_000219.6(KCNE1):c.138C>A (p.Tyr46Ter),"criteria provided, single submitter",1.0,SNV,LOF,3.000828228591091e-06,3.0,sas,SAS,2.9429942023014216e-05,2.0,9.807270184725496,0.991548140031248,False,True
7:150947827:GC:G,KCNH2,NM_000238.4(KCNH2):c.2743del (p.Ala915fs),"criteria provided, multiple submitters, no conflicts",2.0,deletion,LOF,7.281115117342451e-07,1.0,fin,FIN,2.8638524543215534e-05,1.0,39.3325551775003,1.5947521605832262,False,True
7:150947326:A:G,KCNH2,NM_000238.4(KCNH2):c.3152+2T>C,"criteria provided, single submitter",1.0,SNV,LOF,7.203770165153635e-07,1.0,amr,AMR,2.8064660978895374e-05,1.0,38.95824322159453,1.590599364624197,False,True
6:123516183:C:CT,TRDN,NM_006073.4(TRDN):c.507dup (p.Gly170fs),"criteria provided, single submitter",1.0,duplication,LOF,1.506995472985599e-06,2.0,sas,SAS,2.676874481355569e-05,2.0,17.762978409977666,1.2495157879385055,False,True
7:150947785:TC:T,KCNH2,NM_000238.4(KCNH2):c.2785del (p.Glu929fs),"criteria provided, multiple submitters, no conflicts",2.0,deletion,LOF,7.232300030520306e-07,1.0,fin,FIN,2.6745119015779625e-05,1.0,36.98005188233825,1.567967516130818,False,True
3:38613742:C:A,SCN5A,NM_000335.5(SCN5A):c.703+1G>T,"criteria provided, single submitter",1.0,SNV,LOF,6.932745436520316e-07,1.0,eas,EAS,2.56068831301854e-05,1.0,36.93608459818682,1.5674508562497027,False,True
3:38580930:C:T,SCN5A,NM_000335.5(SCN5A):c.3228+1G>A,"criteria provided, single submitter",1.0,SNV,LOF,1.386107049047398e-06,2.0,eas,EAS,2.540779511154022e-05,1.0,18.330314241376573,1.2631699102500522,False,True
3:38562432:G:A,SCN5A,NM_000335.5(SCN5A):c.3943C>T (p.Arg1315Ter),"criteria provided, multiple submitters, no conflicts",2.0,SNV,LOF,6.856199444099349e-07,1.0,eas,EAS,2.524614996213077e-05,1.0,36.822315840800826,1.566111098813648,False,True
1:115717895:C:T,CASQ2,NM_001232.4(CASQ2):c.784-1G>A,"criteria provided, single submitter",1.0,SNV,LOF,6.873948285912256e-07,1.0,eas,EAS,2.5218136884047006e-05,1.0,36.68648664297249,1.5645061226409336,False,True
1:115744827:C:G,CASQ2,NM_001232.4(CASQ2):c.319+1G>C,"criteria provided, single submitter",1.0,SNV,LOF,6.866537850416593e-07,1.0,eas,EAS,2.521050773962588e-05,1.0,36.71496840744561,1.564843158841588,False,True
7:150948445:CTTGT:C,KCNH2,NM_000238.4(KCNH2):c.2687_2690del (p.Asp896fs),"criteria provided, single submitter",1.0,deletion,LOF,1.3790573591327384e-06,2.0,eas,EAS,2.520923666431381e-05,1.0,18.280036879778883,1.2619770675831685,False,True
11:2572110:G:A,KCNQ1,NM_000218.3(KCNQ1):c.780+1G>A,"criteria provided, single submitter",1.0,SNV,LOF,6.854366642813471e-07,1.0,eas,EAS,2.520034272466105e-05,1.0,36.76533263033125,1.5654384995574229,False,True
11:2572980:G:A,KCNQ1,NM_000218.3(KCNQ1):c.915G>A (p.Trp305Ter),"criteria provided, multiple submitters, no conflicts",2.0,SNV,LOF,6.845723408129707e-07,1.0,eas,EAS,2.5192724341210258e-05,1.0,36.800622868679675,1.5658551693838785,False,True
11:2570755:G:A,KCNQ1,NM_000218.3(KCNQ1):c.604+1G>A,"criteria provided, single submitter",1.0,SNV,LOF,1.371599119982005e-06,2.0,eas,EAS,2.5191455058444177e-05,1.0,18.366472626711847,1.264025755878395,False,True
3:38603999:G:A,SCN5A,NM_000335.5(SCN5A):c.1603C>T (p.Arg535Ter),"criteria provided, multiple submitters, no conflicts",2.0,SNV,LOF,4.7902486960258726e-06,7.0,eas,EAS,2.519018590357197e-05,1.0,5.258637545443709,0.7208732378531095,False,True
11:2585248:C:T,KCNQ1,NM_000218.3(KCNQ1):c.1069C>T (p.Gln357Ter),"criteria provided, multiple submitters, no conflicts",2.0,SNV,LOF,1.3682454851319603e-06,2.0,eas,EAS,2.5188916876574308e-05,1.0,18.409634631105934,1.2650451693150333,False,True
11:2847865:C:CA,KCNQ1,NM_000218.3(KCNQ1):c.1894dup (p.Arg632fs),"criteria provided, multiple submitters, no conflicts",2.0,duplication,LOF,7.015476140365646e-07,1.0,amr,AMR,2.484225170169424e-05,1.0,35.410593371081,1.5491332042398134,False,True
1:115726996:G:A,CASQ2,NM_001232.4(CASQ2):c.733C>T (p.Gln245Ter),"criteria provided, single submitter",1.0,SNV,LOF,1.6498437597959474e-06,2.0,sas,SAS,2.4118469924268005e-05,2.0,14.618630499060393,1.1649066889994342,False,True
11:2445417:C:T,KCNQ1,NM_000218.3(KCNQ1):c.319C>T (p.Gln107Ter),"criteria provided, multiple submitters, no conflicts",2.0,SNV,LOF,1.3834281903929214e-06,2.0,sas,SAS,2.3213705371651425e-05,2.0,16.779829811931517,1.2247875517183162,False,True
11:2572900:T:A,KCNQ1,NM_000218.3(KCNQ1):c.835T>A (p.Phe279Ile),no assertion criteria provided,,SNV,missense,1.3684626827068738e-06,2.0,sas,SAS,2.3186792802819512e-05,2.0,16.943667629494662,1.2290074236361568,False,True
11:2587636:GC:G,KCNQ1,NM_000218.3(KCNQ1):c.1201del (p.Arg401fs),"criteria provided, single submitter",1.0,deletion,LOF,1.368365309750013e-06,2.0,sas,SAS,2.31862551879246e-05,2.0,16.94448045286974,1.229028257156228,False,True
1:115725554:C:A,CASQ2,NM_001232.4(CASQ2):c.738-1G>T,"criteria provided, multiple submitters, no conflicts",2.0,SNV,LOF,6.955567832684809e-06,7.0,remaining,Remaining,2.285818780287099e-05,1.0,3.2863148008051355,0.5167091627826208,False,True
3:38581117:TGGGGGTGGCGGGGAGTA:T,SCN5A,NM_000335.5(SCN5A):c.3025_3041del (p.Tyr1009fs),"criteria provided, single submitter",1.0,deletion,LOF,6.972392116176787e-07,1.0,amr,AMR,2.27004449287206e-05,1.0,32.557568468480774,1.5126519625515125,False,True
4:113232260:G:A,ANK2,NM_001148.6(ANK2):c.483+1G>A,"criteria provided, single submitter",1.0,SNV,LOF,7.081932291061752e-07,1.0,amr,AMR,2.239741981723705e-05,1.0,31.6260990230113,1.5000456264000321,False,True
3:38620919:G:A,SCN5A,NM_000335.5(SCN5A):c.535C>T (p.Arg179Ter),"criteria provided, multiple submitters, no conflicts",2.0,SNV,LOF,6.842435140557302e-07,1.0,amr,AMR,2.2374367924106146e-05,1.0,32.69937641368331,1.5145394706211845,False,True
4:113282823:T:C,ANK2,NM_001148.6(ANK2):c.2030T>C (p.Met677Thr),no assertion criteria provided,,SNV,missense,2.0523373385836683e-06,3.0,amr,AMR,2.237236565394425e-05,1.0,10.90091542575946,1.0374629702032232,False,True
12:2593252:C:G,CACNA1C,NM_000719.7(CACNA1C):c.2570C>G (p.Pro857Arg),"criteria provided, single submitter",1.0,SNV,missense,6.842613057074236e-07,1.0,amr,AMR,2.2369362920544025e-05,1.0,32.691211738483084,1.5144310185180725,False,True
1:115705293:C:G,CASQ2,NM_001232.4(CASQ2):c.839-1G>C,"criteria provided, single submitter",1.0,SNV,LOF,6.880825478871049e-07,1.0,amr,AMR,2.236736154603203e-05,1.0,32.50675388870347,1.5119736031900417,False,True
15:73329724:C:A,HCN4,NM_005477.3(HCN4):c.1439G>T (p.Gly480Val),"criteria provided, single submitter",1.0,SNV,missense,6.840693919991244e-07,1.0,amr,AMR,2.236235967619303e-05,1.0,32.69014554312366,1.5144168541513319,False,True
1:115705275:C:A,CASQ2,NM_001232.4(CASQ2):c.856G>T (p.Glu286Ter),"criteria provided, single submitter",1.0,SNV,LOF,6.846004603253495e-07,1.0,amr,AMR,2.2361359570661896e-05,1.0,32.66332584221321,1.5140604033456235,False,True
1:115732931:G:T,CASQ2,NM_001232.4(CASQ2):c.576C>A (p.Tyr192Ter),"criteria provided, multiple submitters, no conflicts",2.0,SNV,LOF,2.05254796462502e-06,3.0,amr,AMR,2.236035955458164e-05,1.0,10.893947447761207,1.0371852759121116,False,True
7:150952752:C:T,KCNH2,NM_000238.4(KCNH2):c.1230G>A (p.Trp410Ter),"criteria provided, single submitter",1.0,SNV,LOF,6.840469310918484e-07,1.0,amr,AMR,2.235935962794025e-05,1.0,32.686833205169094,1.5143728469143918,False,True
11:2583509:CTCTG:C,KCNQ1,NM_000218.3(KCNQ1):c.1000_1003del (p.Val334fs),"criteria provided, single submitter",1.0,deletion,LOF,6.841311671004058e-07,1.0,amr,AMR,2.235935962794025e-05,1.0,32.68280853202259,1.5143193696948525,False,True
6:123530506:CT:C,TRDN,NM_006073.4(TRDN):c.483del (p.Val162fs),"criteria provided, multiple submitters, no conflicts",2.0,deletion,LOF,3.6582867511487022e-06,4.0,remaining,Remaining,2.22727070248118e-05,1.0,6.088287619752758,0.7844951609637247,False,True
6:123530549:CTT:C,TRDN,NM_006073.4(TRDN):c.439_440del (p.Lys147fs),"criteria provided, single submitter",1.0,deletion,LOF,9.0703770555742e-07,1.0,remaining,Remaining,2.2095541119802024e-05,1.0,24.360087374907803,1.3866788416936893,False,True
3:38566408:C:T,SCN5A,NM_000335.5(SCN5A):c.3837+1G>A,"criteria provided, multiple submitters, no conflicts",2.0,SNV,LOF,4.791376617260729e-06,7.0,fin,FIN,1.8777932174108987e-05,1.0,3.9191094240750926,0.5931873894307863,False,True
7:150959590:T:TG,KCNH2,NM_000238.4(KCNH2):c.453dup (p.Thr152fs),"criteria provided, multiple submitters, no conflicts",2.0,duplication,LOF,1.3683035225605884e-06,2.0,fin,FIN,1.8775111711914684e-05,1.0,13.721443145404296,1.13739979046151,False,True
4:113354772:C:T,ANK2,NM_001148.6(ANK2):c.6154C>T (p.Arg2052Ter),"criteria provided, single submitter",1.0,SNV,LOF,1.3683166284678274e-06,2.0,fin,FIN,1.872308556450103e-05,1.0,13.683289738411244,1.1361905230770204,False,True
6:123516162:T:A,TRDN,NM_006073.4(TRDN):c.529A>T (p.Lys177Ter),"criteria provided, single submitter",1.0,SNV,LOF,2.239026530971708e-06,3.0,remaining,Remaining,1.8289560318969934e-05,1.0,8.168529000191663,0.9121438552327318,False,True
6:123636753:C:A,TRDN,NM_006073.4(TRDN):c.22+1G>T,"criteria provided, multiple submitters, no conflicts",2.0,SNV,LOF,2.055515358810761e-06,3.0,remaining,Remaining,1.6596408537192552e-05,1.0,8.074082926196981,0.9070932055901251,False,True
3:38633181:G:A,SCN5A,NM_000335.5(SCN5A):c.127C>T (p.Arg43Ter),"criteria provided, multiple submitters, no conflicts",2.0,SNV,LOF,6.843886834962407e-07,1.0,remaining,Remaining,1.657000828500414e-05,1.0,24.21136625022659,1.3840192974215944,False,True
1:237640956:A:G,RYR2,NM_001035.3(RYR2):c.7175A>G (p.Tyr2392Cys),"criteria provided, multiple submitters, no conflicts",2.0,SNV,missense,2.0529075329389014e-06,3.0,remaining,Remaining,1.656781205474005e-05,1.0,8.070409757137067,0.9068955856199429,False,True
1:237784169:A:C,RYR2,NM_001035.3(RYR2):c.12457A>C (p.Ser4153Arg),"criteria provided, single submitter",1.0,SNV,missense,1.3682773114992762e-06,2.0,remaining,Remaining,1.6563421340312053e-05,1.0,12.105302116616071,1.0829756327651072,False,True
1:115738290:G:A,CASQ2,NM_001232.4(CASQ2):c.466C>T (p.Gln156Ter),"criteria provided, single submitter",1.0,SNV,LOF,2.052578860079804e-06,3.0,remaining,Remaining,1.655958137378287e-05,1.0,8.067692125332965,0.9067493165585478,False,True
4:113367670:T:G,ANK2,NM_001148.6(ANK2):c.11137T>G (p.Ser3713Ala),"criteria provided, single submitter",1.0,SNV,missense,6.840721997162468e-07,1.0,remaining,Remaining,1.6559032952475575e-05,1.0,24.206523452964174,1.3839324204367465,False,True
11:2583515:CTT:C,KCNQ1,NM_000218.3(KCNQ1):c.1004_1005del (p.Phe335fs),"criteria provided, single submitter",1.0,deletion,LOF,4.105124015796517e-06,6.0,remaining,Remaining,1.6558484567492383e-05,1.0,4.033612984689953,0.6056942263812896,False,True
15:73329709:G:A,HCN4,NM_005477.3(HCN4):c.1454C>T (p.Ala485Val),"criteria provided, multiple submitters, no conflicts",2.0,SNV,missense,3.420346959995622e-06,5.0,remaining,Remaining,1.6557936218829686e-05,1.0,4.841009573438511,0.6849359414897653,False,True
3:38551291:A:AAGTT,SCN5A,NM_000335.5(SCN5A):c.5074_5077dup (p.Phe1693Ter),"criteria provided, single submitter",1.0,duplication,LOF,6.840441235821475e-07,1.0,remaining,Remaining,1.6557387906483872e-05,1.0,24.205112112747166,1.3839070985379365,False,True
17:70175675:G:A,KCNJ2,NM_000891.3(KCNJ2):c.636G>A (p.Trp212Ter),"criteria provided, single submitter",1.0,SNV,LOF,6.840450594161539e-07,1.0,remaining,Remaining,1.6557387906483872e-05,1.0,24.20507899806617,1.3839065043852221,False,True
4:113333091:C:T,ANK2,NM_001148.6(ANK2):c.3262C>T (p.Arg1088Ter),"criteria provided, single submitter",1.0,SNV,LOF,1.368095733867073e-06,2.0,remaining,Remaining,1.6557387906483872e-05,1.0,12.102498673235353,1.0828750437023842,False,True
17:70175721:C:T,KCNJ2,NM_000891.3(KCNJ2):c.682C>T (p.Arg228Ter),"criteria provided, single submitter",1.0,SNV,LOF,4.104292816666712e-06,6.0,remaining,Remaining,1.6557387906483872e-05,1.0,4.034162671114734,0.6057534064556034,False,True
21:34449584:C:T,KCNE1,NM_000219.6(KCNE1):c.51G>A (p.Trp17Ter),"criteria provided, multiple submitters, no conflicts",2.0,SNV,LOF,1.0952014842170511e-06,1.0,sas,SAS,1.5943369152769364e-05,1.0,14.55746346682834,1.1630857088831186,False,True
1:237707240:A:T,RYR2,NM_001035.3(RYR2):c.9872A>T (p.Asp3291Val),"criteria provided, multiple submitters, no conflicts",2.0,SNV,missense,7.100769865468815e-07,1.0,sas,SAS,1.27890321260487e-05,1.0,18.0107444088528,1.2555316631791054,False,True
1:237795312:A:C,RYR2,NM_001035.3(RYR2):c.13937A>C (p.Asp4646Ala),"criteria provided, single submitter",1.0,SNV,missense,9.531449812945298e-06,12.0,nfe,NFE,1.2573555298496204e-05,12.0,1.3191649986190161,0.1202991196617192,False,False
1:115727123:CTGTAACCATT:C,CASQ2,NM_001232.4(CASQ2):c.607-11_607-2del,"criteria provided, single submitter",1.0,deletion,splice_or_intronic,8.92116979868351e-06,13.0,nfe,NFE,1.173325438959098e-05,13.0,1.3152147464010495,0.11899666960344225,False,False
7:150977912:A:G,KCNH2,NM_000238.4(KCNH2):c.2T>C (p.Met1Thr),"criteria provided, single submitter",1.0,SNV,missense,6.93410107700458e-07,1.0,sas,SAS,1.171042461999672e-05,1.0,16.888142531826052,1.2275818856551386,False,True
1:115738223:C:T,CASQ2,NM_001232.4(CASQ2):c.532+1G>A,"criteria provided, multiple submitters, no conflicts",2.0,SNV,LOF,7.006952298070145e-07,1.0,sas,SAS,1.168688497767805e-05,1.0,16.678962267139422,1.2221690261773182,False,True
1:115744914:T:C,CASQ2,NM_001232.4(CASQ2):c.235-2A>G,"criteria provided, multiple submitters, no conflicts",2.0,SNV,LOF,1.372949328559131e-06,2.0,sas,SAS,1.162385214460072e-05,1.0,8.466331886019208,0.9276952891133761,False,True
11:2588855:G:A,KCNQ1,NM_000218.3(KCNQ1):c.1393+1G>A,"criteria provided, multiple submitters, no conflicts",2.0,SNV,LOF,6.8510794560791e-07,1.0,sas,SAS,1.160631383472609e-05,1.0,16.940830957078788,1.2289347089004252,False,True
21:34449418:G:A,KCNE1,NM_000219.6(KCNE1):c.217C>T (p.His73Tyr),"criteria provided, single submitter",1.0,SNV,missense,6.879216099567022e-07,1.0,sas,SAS,1.1603620329542817e-05,1.0,16.86762604048317,1.227053964031531,False,True
11:2572019:C:CCG,KCNQ1,NM_000218.3(KCNQ1):c.692_693dup (p.Phe232fs),"criteria provided, multiple submitters, no conflicts",2.0,duplication,LOF,6.848423835254316e-07,1.0,sas,SAS,1.1602543277486424e-05,1.0,16.94189439015813,1.2289619701737526,False,True
6:123570930:G:GT,TRDN,NM_006073.4(TRDN):c.224dup (p.Asn75fs),"criteria provided, single submitter",1.0,duplication,LOF,6.843811893723814e-07,1.0,sas,SAS,1.160227404571296e-05,1.0,16.952917866481776,1.2292444579521946,False,True
11:2572062:G:T,KCNQ1,NM_000218.3(KCNQ1):c.733G>T (p.Gly245Ter),"criteria provided, single submitter",1.0,SNV,LOF,6.846370191451896e-07,1.0,sas,SAS,1.1593396401409756e-05,1.0,16.933616125912472,1.2287497103731815,False,True
1:237330939:C:T,RYR2,NM_001035.3(RYR2):c.230C>T (p.Ala77Val),"criteria provided, multiple submitters, no conflicts",2.0,SNV,missense,2.0524243921061023e-06,3.0,sas,SAS,1.15931275939623e-05,1.0,5.648501835219441,0.7519332741954518,False,True
17:70175818:G:A,KCNJ2,NM_000891.3(KCNJ2):c.779G>A (p.Arg260His),"criteria provided, single submitter",1.0,SNV,missense,4.104309661955375e-06,6.0,sas,SAS,1.15931275939623e-05,1.0,2.8246225855718,0.45096042739315895,False,False
