variation_id,variant_key,gene,chrom,pos,ref,alt,clinsig,review_status,title,variant_type,submitter_count,clinvar_id,gnomad_af,gnomad_ac,gnomad_an,match_category,gnomad_status,gnomad_variants_at_pos_for_match,gnomad_region_query_status,freq_class,snapshot,source_snapshots
1035127,1:115701344:A:G,CASQ2,1,115701344,A,G,Likely pathogenic,"criteria provided, multiple submitters, no conflicts",NM_001232.4(CASQ2):c.1097T>C (p.Leu366Pro),single nucleotide variant,3,VCV001035127,,,,exact_match,,,,,2024-01,2024-01|2025-01
1334322,12:2634381:G:A,CACNA1C,12,2634381,G,A,Pathogenic,"criteria provided, single submitter",NM_000719.7(CACNA1C):c.3912+1G>A,single nucleotide variant,1,VCV001334322,,,,exact_match,,,,,2024-01,2024-01|2025-01
13477,21:34449409:C:T,KCNE1,21,34449409,C,T,Pathogenic/Likely pathogenic,"criteria provided, multiple submitters, no conflicts",NM_000219.6(KCNE1):c.226G>A (p.Asp76Asn),single nucleotide variant,21,VCV000013477,,,,exact_match,,,,,2025-01,2025-01
1904758,1:237639096:G:A,RYR2,1,237639096,G,A,Likely pathogenic,"criteria provided, single submitter",NM_001035.3(RYR2):c.7010G>A (p.Gly2337Glu),single nucleotide variant,1,VCV001904758,,,,exact_match,,,,,2024-01,2024-01|2025-01
1950175,11:2572882:C:G,KCNQ1,11,2572882,C,G,Likely pathogenic,"criteria provided, single submitter",NM_000218.3(KCNQ1):c.817C>G (p.Leu273Val),single nucleotide variant,1,VCV001950175,,,,exact_match,,,,,2024-01,2024-01|2025-01
1969028,6:123382149:T:C,TRDN,6,123382149,T,C,Likely pathogenic,"criteria provided, single submitter",NM_006073.4(TRDN):c.1136-2A>G,single nucleotide variant,1,VCV001969028,,,,exact_match,,,,,2024-01,2024-01
2030049,11:2587607:C:T,KCNQ1,11,2587607,C,T,Likely pathogenic,"criteria provided, single submitter",NM_000218.3(KCNQ1):c.1166C>T (p.Ser389Phe),single nucleotide variant,1,VCV002030049,,,,exact_match,,,,,2024-01,2024-01|2025-01
2037310,1:237441383:G:A,RYR2,1,237441383,G,A,Likely pathogenic,"criteria provided, single submitter",NM_001035.3(RYR2):c.1070G>A (p.Gly357Asp),single nucleotide variant,1,VCV002037310,,,,exact_match,,,,,2024-01,2024-01
2124553,11:2585299:C:T,KCNQ1,11,2585299,C,T,Likely pathogenic,"criteria provided, single submitter",NM_000218.3(KCNQ1):c.1120C>T (p.Leu374Phe),single nucleotide variant,1,VCV002124553,,,,exact_match,,,,,2024-01,2024-01|2025-01
2150160,6:123516139:A:AT,TRDN,6,123516139,A,AT,Likely pathogenic,"criteria provided, multiple submitters, no conflicts",NM_006073.4(TRDN):c.550+1_550+2insA,Insertion,2,VCV002150160,,,,exact_match,,,,,2024-01,2024-01|2025-01
2183214,1:237831564:A:G,RYR2,1,237831564,A,G,Likely pathogenic,"criteria provided, single submitter",NM_001035.3(RYR2):c.14807A>G (p.Gln4936Arg),single nucleotide variant,1,VCV002183214,,,,exact_match,,,,,2024-01,2024-01
2502416,17:70175637:G:A,KCNJ2,17,70175637,G,A,Likely pathogenic,"criteria provided, single submitter",NM_000891.3(KCNJ2):c.598G>A (p.Val200Met),single nucleotide variant,1,VCV002502416,,,,exact_match,,,,,2024-01,2024-01
2574008,3:38581322:T:G,SCN5A,3,38581322,T,G,Likely pathogenic,"criteria provided, single submitter",NM_000335.5(SCN5A):c.2837A>C (p.Asn946Thr),single nucleotide variant,1,VCV002574008,,,,exact_match,,,,,2024-01,2024-01
2574014,7:92093316:GGT:G,AKAP9,7,92093316,GGT,G,Likely pathogenic,"criteria provided, single submitter",NM_005751.5(AKAP9):c.9578+4_9578+5del,Microsatellite,1,VCV002574014,,,,exact_match,,,,,2024-01,2024-01
2582171,12:2115478:C:T,CACNA1C,12,2115478,C,T,Pathogenic,"criteria provided, single submitter",NM_000719.7(CACNA1C):c.304C>T (p.Arg102Ter),single nucleotide variant,1,VCV002582171,,,,exact_match,,,,,2024-01,2024-01
2584499,3:38556448:T:G,SCN5A,3,38556448,T,G,Likely pathogenic,"criteria provided, single submitter",NM_000335.5(SCN5A):c.4427A>C (p.Lys1476Thr),single nucleotide variant,1,VCV002584499,,,,exact_match,,,,,2024-01,2024-01
2664800,12:2605715:A:G,CACNA1C,12,2605715,A,G,Likely pathogenic,"criteria provided, single submitter",NM_000719.7(CACNA1C):c.3085A>G (p.Ile1029Val),single nucleotide variant,1,VCV002664800,,,,exact_match,,,,,2024-01,2024-01|2025-01
2718204,3:38581017:G:A,SCN5A,3,38581017,G,A,Pathogenic,"criteria provided, single submitter",NM_000335.5(SCN5A):c.3142C>T (p.Pro1048Ser),single nucleotide variant,1,VCV002718204,,,,exact_match,,,,,2025-01,2025-01
2879952,6:123337671:T:C,TRDN,6,123337671,T,C,Likely pathogenic,"criteria provided, single submitter",NM_006073.4(TRDN):c.1370-2A>G,single nucleotide variant,1,VCV002879952,,,,exact_match,,,,,2025-01,2025-01
2909704,6:123331878:C:T,TRDN,6,123331878,C,T,Likely pathogenic,"criteria provided, multiple submitters, no conflicts",NM_006073.4(TRDN):c.1471+1G>A,single nucleotide variant,2,VCV002909704,,,,exact_match,,,,,2025-01,2025-01
3075857,6:123393665:GC:G,TRDN,6,123393665,GC,G,Likely pathogenic,"criteria provided, single submitter",NM_006073.4(TRDN):c.1063del (p.Ala355fs),Deletion,1,VCV003075857,,,,exact_match,,,,,2025-01,2025-01
3236802,7:150974894:T:A,KCNH2,7,150974894,T,A,Likely pathogenic,"criteria provided, single submitter",NM_000238.4(KCNH2):c.124A>T (p.Ile42Phe),single nucleotide variant,1,VCV003236802,,,,exact_match,,,,,2025-01,2025-01
3252167,12:2664835:G:A,CACNA1C,12,2664835,G,A,Likely pathogenic,"criteria provided, single submitter",NM_000719.7(CACNA1C):c.4243G>A (p.Gly1415Arg),single nucleotide variant,1,VCV003252167,,,,exact_match,,,,,2025-01,2025-01
3338719,7:150974857:T:G,KCNH2,7,150974857,T,G,Likely pathogenic,"criteria provided, single submitter",NM_000238.4(KCNH2):c.161A>C (p.Tyr54Ser),single nucleotide variant,1,VCV003338719,,,,exact_match,,,,,2025-01,2025-01
3371829,3:38581049:C:A,SCN5A,3,38581049,C,A,Likely pathogenic,"criteria provided, single submitter",NM_000335.5(SCN5A):c.3110G>T (p.Gly1037Val),single nucleotide variant,1,VCV003371829,,,,exact_match,,,,,2025-01,2025-01
3374735,1:237778711:T:C,RYR2,1,237778711,T,C,Likely pathogenic,"criteria provided, single submitter",NM_001035.3(RYR2):c.11821T>C (p.Trp3941Arg),single nucleotide variant,1,VCV003374735,,,,exact_match,,,,,2025-01,2025-01
3382228,6:123278331:CT:C,TRDN,6,123278331,CT,C,Likely pathogenic,"criteria provided, single submitter",NM_006073.4(TRDN):c.1553del (p.Lys518fs),Deletion,1,VCV003382228,,,,exact_match,,,,,2025-01,2025-01
3382391,6:123438944:C:A,TRDN,6,123438944,C,A,Likely pathogenic,"criteria provided, single submitter",NM_006073.4(TRDN):c.991G>T (p.Glu331Ter),single nucleotide variant,1,VCV003382391,,,,exact_match,,,,,2025-01,2025-01
53081,11:2571363:G:A,KCNQ1,11,2571363,G,A,Pathogenic/Likely pathogenic,"criteria provided, multiple submitters, no conflicts",NM_000218.3(KCNQ1):c.643G>A (p.Val215Met),single nucleotide variant,3,VCV000053081,,,,exact_match,,,,,2024-01,2024-01
67060,11:2847803:G:T,KCNQ1,11,2847803,G,T,Likely pathogenic,"criteria provided, single submitter",NM_000218.3(KCNQ1):c.1831G>T (p.Asp611Tyr),single nucleotide variant,2,VCV000067060,,,,exact_match,,,,,2024-01,2024-01
67411,7:150974764:G:A,KCNH2,7,150974764,G,A,Likely pathogenic,"criteria provided, single submitter",NM_000238.4(KCNH2):c.254C>T (p.Ala85Val),single nucleotide variant,2,VCV000067411,,,,exact_match,,,,,2024-01,2024-01|2025-01
67582,17:70175614:C:T,KCNJ2,17,70175614,C,T,Pathogenic,"criteria provided, single submitter",NM_000891.3(KCNJ2):c.575C>T (p.Thr192Ile),single nucleotide variant,2,VCV000067582,,,,exact_match,,,,,2024-01,2024-01|2025-01
67939,3:38551477:C:T,SCN5A,3,38551477,C,T,Pathogenic/Likely pathogenic,"criteria provided, multiple submitters, no conflicts",NM_000335.5(SCN5A):c.4892G>A (p.Arg1631His),single nucleotide variant,11,VCV000067939,,,,exact_match,,,,,2025-01,2025-01
