acmg_vital_relation,variant_key,gene,clinvar_id,variation_id,title,review_status,review_strength,submitter_count,variant_type,functional_class,global_af,global_ac,popmax_af,popmax_ac,popmax_population,max_frequency_signal,qualifying_frequency_ac,frequency_signal_ac_ge_20,weak_review_signal,standard_acmg_frequency_flag,standard_acmg_high_frequency_flag,vital_score,vital_band,vital_red_flag,why_not_red,vital_signal_reason
ACMG_frequency_flag_and_VITAL_red,3:38562456:G:A,SCN5A,VCV000440850,440850,NM_000335.4(SCN5A):c.[3919C>T;694G>A],no assertion criteria provided,weak_or_no_assertion,,SNV,other_or_unresolved,0.0001464876505434,214.0,0.0056763862332695,190.0,afr,0.0056763862332695,214.0,True,True,True,True,96.07000729211029,red_reclassification_priority,True,,popmax_AF_gt_1e-4; global_AF_gt_1e-5; AC_ge_20; weak_review; type=SNV; gene_constraint=0.66; detectability=0.81
ACMG_frequency_flag_and_VITAL_red,6:123438063:CT:C,TRDN,VCV001325231,1325231,NM_006073.4(TRDN):c.1050del (p.Glu351fs),"criteria provided, single submitter",single_submitter,1.0,deletion,LOF,2.774748677138568e-05,40.0,0.0002182135583357,9.0,amr,0.0002182135583357,40.0,True,True,True,True,74.34422242107016,red_reclassification_priority,True,,popmax_AF_gt_1e-4; global_AF_gt_1e-5; AC_ge_20; weak_review; type=deletion; gene_constraint=0.39; detectability=0.60
ACMG_frequency_flag_and_VITAL_red,7:150950166:A:C,KCNH2,VCV004535537,4535537,NM_000238.4(KCNH2):c.2398+2T>G,"criteria provided, single submitter",single_submitter,1.0,SNV,LOF,4.367018818211924e-05,24.0,0.0001315270288044,2.0,asj,0.0001315270288044,24.0,True,True,True,True,70.32659802420157,red_reclassification_priority,True,,popmax_AF_gt_1e-4; global_AF_gt_1e-5; AC_ge_20; weak_review; type=SNV; gene_constraint=0.83; detectability=0.81
ACMG_frequency_flag_but_VITAL_not_red,10:18514531:G:T,CACNB2,VCV003774534,3774534,NM_201596.3(CACNB2):c.804+162G>T,"criteria provided, single submitter",single_submitter,1.0,SNV,splice_or_intronic,1.1632028310988434e-05,17.0,0.0001970877388239,17.0,sas,0.0001970877388239,17.0,False,True,True,True,71.25294070280572,orange_high_tension,False,AC_below_20,popmax_AF_gt_1e-4; global_AF_gt_1e-5; weak_review; type=SNV; gene_constraint=0.25; detectability=0.81
ACMG_frequency_flag_but_VITAL_not_red,6:123547340:CT:C,TRDN,VCV001074440,1074440,NM_006073.4(TRDN):c.423del (p.Glu142fs),"criteria provided, multiple submitters, no conflicts",multiple_submitters_no_conflicts,2.0,deletion,LOF,1.4587780046988007e-05,19.0,0.0001336541031809,3.0,amr,0.0001336541031809,19.0,False,False,True,True,64.5651490365195,yellow_watchlist,False,AC_below_20; stronger_review; score_below_70,popmax_AF_gt_1e-4; global_AF_gt_1e-5; type=deletion; gene_constraint=0.39; detectability=0.60
ACMG_frequency_flag_but_VITAL_not_red,1:115701413:C:T,CASQ2,VCV002565185,2565185,NM_001232.4(CASQ2):c.1028G>A (p.Trp343Ter),"criteria provided, multiple submitters, no conflicts",multiple_submitters_no_conflicts,2.0,SNV,LOF,3.425131422292673e-06,5.0,0.0001495662578522,5.0,afr,0.0001495662578522,5.0,False,False,True,True,61.02064076638913,yellow_watchlist,False,AC_below_20; stronger_review; score_below_70,popmax_AF_gt_1e-4; type=SNV; gene_constraint=0.51; detectability=0.81
ACMG_frequency_flag_but_VITAL_not_red,7:150950197:A:G,KCNH2,VCV001027323,1027323,NM_000238.4(KCNH2):c.2369T>C (p.Leu790Pro),"criteria provided, multiple submitters, no conflicts",multiple_submitters_no_conflicts,2.0,SNV,missense,7.213041178450639e-06,9.0,0.0002143163309044,1.0,mid,0.0002143163309044,1.0,False,False,True,True,59.62144301172195,yellow_watchlist,False,AC_below_20; stronger_review; score_below_70,popmax_AF_gt_1e-4; type=SNV; gene_constraint=0.83; detectability=0.81
ACMG_frequency_flag_but_VITAL_not_red,6:123529317:C:T,TRDN,VCV002635811,2635811,NM_006073.4(TRDN):c.484+1189G>A,"criteria provided, single submitter",single_submitter,1.0,SNV,splice_or_intronic,5.012186774127951e-06,7.0,0.000112101339611,4.0,amr,0.000112101339611,4.0,False,True,True,True,59.33381109554504,yellow_watchlist,False,AC_below_20; score_below_70,popmax_AF_gt_1e-4; weak_review; type=SNV; gene_constraint=0.39; detectability=0.81
ACMG_frequency_flag_but_VITAL_not_red,7:150948439:CTCA:C,KCNH2,VCV003076015,3076015,NM_000238.4(KCNH2):c.2692+2_2692+4del,"criteria provided, single submitter",single_submitter,1.0,deletion,splice_or_intronic,2.7727944499746288e-06,4.0,6.611424541607899e-05,3.0,fin,6.611424541607899e-05,3.0,False,True,True,False,58.54906670672962,yellow_watchlist,False,AC_below_20; score_below_70,popmax_AF_gt_1e-5; weak_review; type=deletion; gene_constraint=0.83; detectability=0.60
ACMG_frequency_flag_but_VITAL_not_red,1:115705205:TC:T,CASQ2,VCV001766367,1766367,NM_001232.4(CASQ2):c.925del (p.Asp309fs),"criteria provided, multiple submitters, no conflicts",multiple_submitters_no_conflicts,2.0,deletion,LOF,6.84958717538094e-07,1.0,0.0001734906315058,1.0,mid,0.0001734906315058,1.0,False,False,True,True,58.39695875725227,yellow_watchlist,False,AC_below_20; stronger_review; score_below_70,popmax_AF_gt_1e-4; type=deletion; gene_constraint=0.51; detectability=0.60
ACMG_frequency_flag_but_VITAL_not_red,11:2587679:AG:A,KCNQ1,VCV001395670,1395670,NM_000218.3(KCNQ1):c.1239del (p.Lys414fs),"criteria provided, multiple submitters, no conflicts",multiple_submitters_no_conflicts,2.0,deletion,LOF,2.737022748764577e-06,4.0,8.944543828264758e-05,4.0,amr,8.944543828264758e-05,4.0,False,False,True,False,56.79248851570687,yellow_watchlist,False,AC_below_20; stronger_review; score_below_70,popmax_AF_gt_1e-5; type=deletion; gene_constraint=0.64; detectability=0.60
ACMG_frequency_flag_but_VITAL_not_red,6:123516188:TC:T,TRDN,VCV002682850,2682850,NM_006073.4(TRDN):c.502del (p.Glu168fs),"criteria provided, single submitter",single_submitter,1.0,deletion,LOF,3.751489341268484e-06,5.0,6.617783307303386e-05,5.0,sas,6.617783307303386e-05,5.0,False,True,True,False,56.21005014495549,yellow_watchlist,False,AC_below_20; score_below_70,popmax_AF_gt_1e-5; weak_review; type=deletion; gene_constraint=0.39; detectability=0.60
ACMG_frequency_flag_but_VITAL_not_red,6:123516150:C:A,TRDN,VCV001427034,1427034,NM_006073.4(TRDN):c.541G>T (p.Glu181Ter),"criteria provided, multiple submitters, no conflicts",multiple_submitters_no_conflicts,2.0,SNV,LOF,6.79663424697027e-05,91.0,8.552347090760583e-05,89.0,nfe,8.552347090760583e-05,91.0,True,False,True,False,54.86784850698492,blue_low_support_signal,False,stronger_review; score_below_70,popmax_AF_gt_1e-5; global_AF_gt_1e-5; AC_ge_20; type=SNV; gene_constraint=0.39; detectability=0.81
ACMG_frequency_flag_but_VITAL_not_red,3:38580945:C:A,SCN5A,VCV003075756,3075756,NM_000335.5(SCN5A):c.3214G>T (p.Glu1072Ter),"criteria provided, single submitter",single_submitter,1.0,SNV,LOF,2.068392073370004e-06,3.0,6.006366748753679e-05,2.0,afr,6.006366748753679e-05,2.0,False,True,True,False,53.17928942748357,blue_low_support_signal,False,AC_below_20; score_below_70,popmax_AF_gt_1e-5; weak_review; type=SNV; gene_constraint=0.66; detectability=0.81
ACMG_frequency_flag_but_VITAL_not_red,6:123636725:T:C,TRDN,VCV001070395,1070395,NM_006073.4(TRDN):c.22+29A>G,"criteria provided, multiple submitters, no conflicts",multiple_submitters_no_conflicts,2.0,SNV,splice_or_intronic,5.278376069899409e-05,77.0,6.756756756756757e-05,75.0,nfe,6.756756756756757e-05,77.0,True,False,True,False,52.60227296532325,blue_low_support_signal,False,stronger_review; score_below_70,popmax_AF_gt_1e-5; global_AF_gt_1e-5; AC_ge_20; type=SNV; gene_constraint=0.39; detectability=0.81
ACMG_frequency_flag_but_VITAL_not_red,1:115768378:T:C,CASQ2,VCV000427946,427946,NM_001232.4(CASQ2):c.164A>G (p.Tyr55Cys),"criteria provided, multiple submitters, no conflicts",multiple_submitters_no_conflicts,2.0,SNV,missense,3.078341745187184e-05,45.0,4.9675453702477146e-05,3.0,remaining,4.9675453702477146e-05,45.0,True,False,True,False,51.31803832512267,blue_low_support_signal,False,stronger_review; score_below_70,popmax_AF_gt_1e-5; global_AF_gt_1e-5; AC_ge_20; type=SNV; gene_constraint=0.51; detectability=0.81
ACMG_frequency_flag_but_VITAL_not_red,11:2768920:G:A,KCNQ1,VCV000871731,871731,NM_000218.3(KCNQ1):c.1590+1G>A,"criteria provided, multiple submitters, no conflicts",multiple_submitters_no_conflicts,2.0,SNV,LOF,2.053657975586114e-06,3.0,6.709308046696784e-05,3.0,amr,6.709308046696784e-05,3.0,False,False,True,False,51.172036545841706,blue_low_support_signal,False,AC_below_20; stronger_review; score_below_70,popmax_AF_gt_1e-5; type=SNV; gene_constraint=0.64; detectability=0.81
ACMG_frequency_flag_but_VITAL_not_red,6:123636745:TAGCAATACCTTC:T,TRDN,VCV002051520,2051520,NM_006073.4(TRDN):c.19_22+8del,"criteria provided, single submitter",single_submitter,1.0,deletion,splice_or_intronic,1.3703867642564762e-06,2.0,5.052801778586226e-05,2.0,eas,5.052801778586226e-05,2.0,False,True,True,False,50.62098929233445,blue_low_support_signal,False,AC_below_20; score_below_70,popmax_AF_gt_1e-5; weak_review; type=deletion; gene_constraint=0.39; detectability=0.60
ACMG_frequency_flag_but_VITAL_not_red,12:2651596:CT:C,CACNA1C,VCV002632714,2632714,NM_000719.7(CACNA1C):c.3946-43del,"criteria provided, single submitter",single_submitter,1.0,deletion,splice_or_intronic,2.0525170701003e-06,3.0,3.747423646243208e-05,2.0,fin,3.747423646243208e-05,2.0,False,True,True,False,49.57572871813407,blue_low_support_signal,False,AC_below_20; score_below_70,popmax_AF_gt_1e-5; weak_review; type=deletion; gene_constraint=0.73; detectability=0.60
ACMG_frequency_flag_but_VITAL_not_red,1:115705191:C:A,CASQ2,VCV000519365,519365,NM_001232.4(CASQ2):c.939+1G>T,"criteria provided, multiple submitters, no conflicts",multiple_submitters_no_conflicts,2.0,SNV,LOF,3.1733855056306896e-05,46.0,4.178991663820107e-05,46.0,nfe,4.178991663820107e-05,46.0,True,False,True,False,49.18757408055192,blue_low_support_signal,False,stronger_review; score_below_70,popmax_AF_gt_1e-5; global_AF_gt_1e-5; AC_ge_20; type=SNV; gene_constraint=0.51; detectability=0.81
ACMG_frequency_flag_but_VITAL_not_red,1:115705294:T:C,CASQ2,VCV001523438,1523438,NM_001232.4(CASQ2):c.839-2A>G,"criteria provided, single submitter",single_submitter,1.0,SNV,LOF,1.3783198556623447e-06,2.0,4.473272198613286e-05,2.0,amr,4.473272198613286e-05,2.0,False,True,True,False,49.02814287213616,blue_low_support_signal,False,AC_below_20; score_below_70,popmax_AF_gt_1e-5; weak_review; type=SNV; gene_constraint=0.51; detectability=0.81
ACMG_frequency_flag_but_VITAL_not_red,3:38608210:AT:A,SCN5A,VCV004756593,4756593,NM_000335.5(SCN5A):c.938del (p.Asn313fs),"criteria provided, single submitter",single_submitter,1.0,deletion,LOF,6.876056334154334e-07,1.0,3.8337678270203954e-05,1.0,asj,3.8337678270203954e-05,1.0,False,True,True,False,48.88918886430561,blue_low_support_signal,False,AC_below_20; score_below_70,popmax_AF_gt_1e-5; weak_review; type=deletion; gene_constraint=0.66; detectability=0.60
ACMG_frequency_flag_but_VITAL_not_red,1:115768444:C:T,CASQ2,VCV000862119,862119,NM_001232.4(CASQ2):c.98G>A (p.Arg33Gln),"criteria provided, multiple submitters, no conflicts",multiple_submitters_no_conflicts,2.0,SNV,missense,1.0267488613355128e-05,15.0,3.827311696264544e-05,1.0,asj,3.827311696264544e-05,15.0,False,False,True,False,48.80160089303674,blue_low_support_signal,False,AC_below_20; stronger_review; score_below_70,popmax_AF_gt_1e-5; global_AF_gt_1e-5; type=SNV; gene_constraint=0.51; detectability=0.81
ACMG_frequency_flag_but_VITAL_not_red,11:2570686:G:C,KCNQ1,VCV000378906,378906,NM_000218.3(KCNQ1):c.536G>C (p.Gly179Ala),"criteria provided, single submitter",single_submitter,1.0,SNV,missense,2.054848002893226e-06,3.0,3.8743171516020304e-05,2.0,fin,3.8743171516020304e-05,2.0,False,True,True,False,47.722674446601964,blue_low_support_signal,False,AC_below_20; score_below_70,popmax_AF_gt_1e-5; weak_review; type=SNV; gene_constraint=0.64; detectability=0.81
ACMG_frequency_flag_but_VITAL_not_red,11:2445144:GGT:G,KCNQ1,VCV002744490,2744490,NM_000218.3(KCNQ1):c.47_48del (p.Gly16fs),"criteria provided, single submitter",single_submitter,1.0,deletion,LOF,1.0193098049448758e-06,1.0,3.807493146512336e-05,1.0,sas,3.807493146512336e-05,1.0,False,True,True,False,47.71780010307328,blue_low_support_signal,False,AC_below_20; score_below_70,popmax_AF_gt_1e-5; weak_review; type=deletion; gene_constraint=0.64; detectability=0.60
ACMG_frequency_flag_but_VITAL_not_red,4:113355492:C:T,ANK2,VCV004081881,4081881,NM_001148.6(ANK2):c.6874C>T (p.Arg2292Ter),no assertion criteria provided,weak_or_no_assertion,,SNV,LOF,1.3682492293336216e-06,2.0,3.8267258533598655e-05,1.0,asj,3.8267258533598655e-05,1.0,False,True,True,False,47.52741506211032,blue_low_support_signal,False,AC_below_20; score_below_70,popmax_AF_gt_1e-5; weak_review; type=SNV; gene_constraint=0.61; detectability=0.81
ACMG_frequency_flag_but_VITAL_not_red,1:115740767:G:A,CASQ2,VCV000801535,801535,NM_001232.4(CASQ2):c.381C>T (p.Gly127=),"criteria provided, multiple submitters, no conflicts",multiple_submitters_no_conflicts,2.0,SNV,other_or_unresolved,8.897357347985227e-06,13.0,6.707807888382076e-05,3.0,amr,6.707807888382076e-05,3.0,False,False,True,False,46.70719330082835,blue_low_support_signal,False,AC_below_20; stronger_review; score_below_70,popmax_AF_gt_1e-5; type=SNV; gene_constraint=0.51; detectability=0.81
ACMG_frequency_flag_but_VITAL_not_red,6:123571097:T:TAAAA,TRDN,VCV001749169,1749169,NM_006073.4(TRDN):c.57_58insTTTT (p.Lys20delinsPheTer),"criteria provided, multiple submitters, no conflicts",multiple_submitters_no_conflicts,2.0,insertion,LOF,1.573551204040332e-05,23.0,2.9870362626202283e-05,1.0,afr,2.9870362626202283e-05,23.0,True,False,True,False,46.684292808820366,blue_low_support_signal,False,stronger_review; score_below_70,popmax_AF_gt_1e-5; global_AF_gt_1e-5; AC_ge_20; type=insertion; gene_constraint=0.39; detectability=0.59
ACMG_frequency_flag_but_VITAL_not_red,15:73343470:C:T,HCN4,VCV001514023,1514023,NM_005477.3(HCN4):c.1124G>A (p.Arg375His),"criteria provided, single submitter",single_submitter,1.0,SNV,missense,2.0521436008006096e-06,3.0,3.744056310606911e-05,2.0,fin,3.744056310606911e-05,2.0,False,True,True,False,45.91357353351166,blue_low_support_signal,False,AC_below_20; score_below_70,popmax_AF_gt_1e-5; weak_review; type=SNV; gene_constraint=0.50; detectability=0.81
ACMG_frequency_flag_but_VITAL_not_red,7:150947326:A:G,KCNH2,VCV000373047,373047,NM_000238.4(KCNH2):c.3152+2T>C,"criteria provided, single submitter",single_submitter,1.0,SNV,LOF,7.203770165153635e-07,1.0,2.8064660978895374e-05,1.0,amr,2.8064660978895374e-05,1.0,False,True,True,False,45.34460819059187,blue_low_support_signal,False,AC_below_20; score_below_70,popmax_AF_gt_1e-5; weak_review; type=SNV; gene_constraint=0.83; detectability=0.81
ACMG_frequency_flag_but_VITAL_not_red,3:38575364:T:TG,SCN5A,VCV000924057,924057,NM_000335.5(SCN5A):c.3595dup (p.His1199fs),"criteria provided, multiple submitters, no conflicts",multiple_submitters_no_conflicts,2.0,duplication,LOF,6.851933821282381e-07,1.0,3.832592365476008e-05,1.0,asj,3.832592365476008e-05,1.0,False,False,True,False,45.11975798036759,blue_low_support_signal,False,AC_below_20; stronger_review; score_below_70,popmax_AF_gt_1e-5; type=duplication; gene_constraint=0.66; detectability=0.38
ACMG_frequency_flag_but_VITAL_not_red,11:2572072:G:GGA,KCNQ1,VCV001455898,1455898,NM_000218.3(KCNQ1):c.745_746dup (p.Leu250fs),"criteria provided, multiple submitters, no conflicts",multiple_submitters_no_conflicts,2.0,duplication,LOF,6.84671706763324e-07,1.0,3.828190797029324e-05,1.0,asj,3.828190797029324e-05,1.0,False,False,True,False,44.87326558679914,blue_low_support_signal,False,AC_below_20; stronger_review; score_below_70,popmax_AF_gt_1e-5; type=duplication; gene_constraint=0.64; detectability=0.38
ACMG_frequency_flag_but_VITAL_not_red,3:38608150:C:A,SCN5A,VCV002452890,2452890,NM_000335.5(SCN5A):c.998+1G>T,"criteria provided, single submitter",single_submitter,1.0,SNV,LOF,6.903779266846257e-07,1.0,3.0111412225233363e-05,1.0,afr,3.0111412225233363e-05,1.0,False,True,True,False,44.65172634365204,blue_low_support_signal,False,AC_below_20; score_below_70,popmax_AF_gt_1e-5; weak_review; type=SNV; gene_constraint=0.66; detectability=0.81
ACMG_frequency_flag_but_VITAL_not_red,6:123512325:T:TG,TRDN,VCV003673082,3673082,NM_006073.4(TRDN):c.587dup (p.Glu197fs),"criteria provided, single submitter",single_submitter,1.0,duplication,LOF,1.1833916893360138e-05,16.0,1.5570594154409688e-05,16.0,nfe,1.5570594154409688e-05,16.0,False,True,True,False,44.50231752761127,blue_low_support_signal,False,AC_below_20; score_below_70,popmax_AF_gt_1e-5; global_AF_gt_1e-5; weak_review; type=duplication; gene_constraint=0.39; detectability=0.38
ACMG_frequency_flag_but_VITAL_not_red,11:2572900:T:A,KCNQ1,VCV000375594,375594,NM_000218.3(KCNQ1):c.835T>A (p.Phe279Ile),no assertion criteria provided,weak_or_no_assertion,,SNV,missense,1.3684626827068738e-06,2.0,2.3186792802819512e-05,2.0,sas,2.3186792802819512e-05,2.0,False,True,True,False,44.47415942185337,blue_low_support_signal,False,AC_below_20; score_below_70,popmax_AF_gt_1e-5; weak_review; type=SNV; gene_constraint=0.64; detectability=0.81
ACMG_frequency_flag_but_VITAL_not_red,7:150947380:GCCGC:G,KCNH2,VCV001454593,1454593,NM_000238.4(KCNH2):c.3096_3099del (p.Arg1033fs),"criteria provided, multiple submitters, no conflicts",multiple_submitters_no_conflicts,2.0,deletion,LOF,1.432334375595314e-06,2.0,3.980891719745223e-05,1.0,asj,3.980891719745223e-05,1.0,False,False,True,False,44.37137370776905,blue_low_support_signal,False,AC_below_20; stronger_review; score_below_70,popmax_AF_gt_1e-5; type=deletion; gene_constraint=0.83; detectability=0.60
ACMG_frequency_flag_but_VITAL_not_red,4:113373174:G:T,ANK2,VCV003023363,3023363,NM_001148.6(ANK2):c.11694+1G>T,"criteria provided, single submitter",single_submitter,1.0,SNV,LOF,6.843090668214118e-07,1.0,2.988464526926065e-05,1.0,afr,2.988464526926065e-05,1.0,False,True,True,False,44.07904890581493,blue_low_support_signal,False,AC_below_20; score_below_70,popmax_AF_gt_1e-5; weak_review; type=SNV; gene_constraint=0.61; detectability=0.81
ACMG_frequency_flag_but_VITAL_not_red,6:123516183:C:CT,TRDN,VCV002980846,2980846,NM_006073.4(TRDN):c.507dup (p.Gly170fs),"criteria provided, single submitter",single_submitter,1.0,duplication,LOF,1.506995472985599e-06,2.0,2.676874481355569e-05,2.0,sas,2.676874481355569e-05,2.0,False,True,True,False,44.053878908903,blue_low_support_signal,False,AC_below_20; score_below_70,popmax_AF_gt_1e-5; weak_review; type=duplication; gene_constraint=0.39; detectability=0.38
ACMG_frequency_flag_but_VITAL_not_red,7:150948445:CTTGT:C,KCNH2,VCV003076018,3076018,NM_000238.4(KCNH2):c.2687_2690del (p.Asp896fs),"criteria provided, single submitter",single_submitter,1.0,deletion,LOF,1.3790573591327384e-06,2.0,2.520923666431381e-05,1.0,eas,2.520923666431381e-05,1.0,False,True,True,False,43.99711583592279,blue_low_support_signal,False,AC_below_20; score_below_70,popmax_AF_gt_1e-5; weak_review; type=deletion; gene_constraint=0.83; detectability=0.60
ACMG_frequency_flag_but_VITAL_not_red,11:2587636:GC:G,KCNQ1,VCV003720989,3720989,NM_000218.3(KCNQ1):c.1201del (p.Arg401fs),"criteria provided, single submitter",single_submitter,1.0,deletion,LOF,1.368365309750013e-06,2.0,2.31862551879246e-05,2.0,sas,2.31862551879246e-05,2.0,False,True,True,False,43.81815847013094,blue_low_support_signal,False,AC_below_20; score_below_70,popmax_AF_gt_1e-5; weak_review; type=deletion; gene_constraint=0.64; detectability=0.60
ACMG_frequency_flag_but_VITAL_not_red,6:123516189:C:A,TRDN,VCV000838068,838068,NM_006073.4(TRDN):c.502G>T (p.Glu168Ter),"criteria provided, multiple submitters, no conflicts",multiple_submitters_no_conflicts,2.0,SNV,LOF,2.0270178963157825e-05,27.0,2.603458550047152e-05,27.0,nfe,2.603458550047152e-05,27.0,True,False,True,False,43.29032744530092,blue_low_support_signal,False,stronger_review; score_below_70,popmax_AF_gt_1e-5; global_AF_gt_1e-5; AC_ge_20; type=SNV; gene_constraint=0.39; detectability=0.81
ACMG_frequency_flag_but_VITAL_not_red,12:2593260:C:T,CACNA1C,VCV004055971,4055971,NM_000719.7(CACNA1C):c.2578C>T (p.Arg860Ter),"criteria provided, multiple submitters, no conflicts",multiple_submitters_no_conflicts,2.0,SNV,LOF,6.842753524018065e-07,1.0,3.827018752391887e-05,1.0,asj,3.827018752391887e-05,1.0,False,False,True,False,43.20432781734613,blue_low_support_signal,False,AC_below_20; stronger_review; score_below_70,popmax_AF_gt_1e-5; type=SNV; gene_constraint=0.73; detectability=0.81
ACMG_frequency_flag_but_VITAL_not_red,3:38566555:G:A,SCN5A,VCV000440848,440848,NM_198056.2(SCN5A):c.[3694C>T;4859C>T],no assertion criteria provided,weak_or_no_assertion,,SNV,other_or_unresolved,3.4209226365187595e-06,5.0,2.9870362626202283e-05,1.0,afr,2.9870362626202283e-05,1.0,False,True,True,False,43.08045477061535,blue_low_support_signal,False,AC_below_20; score_below_70,popmax_AF_gt_1e-5; weak_review; type=SNV; gene_constraint=0.66; detectability=0.81
ACMG_frequency_flag_but_VITAL_not_red,7:150952752:C:T,KCNH2,VCV003381030,3381030,NM_000238.4(KCNH2):c.1230G>A (p.Trp410Ter),"criteria provided, single submitter",single_submitter,1.0,SNV,LOF,6.840469310918484e-07,1.0,2.235935962794025e-05,1.0,amr,2.235935962794025e-05,1.0,False,True,True,False,42.74271581087767,blue_low_support_signal,False,AC_below_20; score_below_70,popmax_AF_gt_1e-5; weak_review; type=SNV; gene_constraint=0.83; detectability=0.81
ACMG_frequency_flag_but_VITAL_not_red,3:38613742:C:A,SCN5A,VCV001171509,1171509,NM_000335.5(SCN5A):c.703+1G>T,"criteria provided, single submitter",single_submitter,1.0,SNV,LOF,6.932745436520316e-07,1.0,2.56068831301854e-05,1.0,eas,2.56068831301854e-05,1.0,False,True,True,False,42.70733850637963,blue_low_support_signal,False,AC_below_20; score_below_70,popmax_AF_gt_1e-5; weak_review; type=SNV; gene_constraint=0.66; detectability=0.81
ACMG_frequency_flag_but_VITAL_not_red,3:38581117:TGGGGGTGGCGGGGAGTA:T,SCN5A,VCV002754396,2754396,NM_000335.5(SCN5A):c.3025_3041del (p.Tyr1009fs),"criteria provided, single submitter",single_submitter,1.0,deletion,LOF,6.972392116176787e-07,1.0,2.27004449287206e-05,1.0,amr,2.27004449287206e-05,1.0,False,True,True,False,42.60021266441681,blue_low_support_signal,False,AC_below_20; score_below_70,popmax_AF_gt_1e-5; weak_review; type=deletion; gene_constraint=0.66; detectability=0.60
ACMG_frequency_flag_but_VITAL_not_red,3:38587561:TC:T,SCN5A,VCV001214434,1214434,NM_000335.5(SCN5A):c.2274del (p.Ile759fs),"criteria provided, multiple submitters, no conflicts",multiple_submitters_no_conflicts,2.0,deletion,LOF,2.052421583812688e-06,3.0,3.3126842680624107e-05,2.0,remaining,3.3126842680624107e-05,2.0,False,False,True,False,42.43336794996573,blue_low_support_signal,False,AC_below_20; stronger_review; score_below_70,popmax_AF_gt_1e-5; type=deletion; gene_constraint=0.66; detectability=0.60
ACMG_frequency_flag_but_VITAL_not_red,11:2572110:G:A,KCNQ1,VCV001067403,1067403,NM_000218.3(KCNQ1):c.780+1G>A,"criteria provided, single submitter",single_submitter,1.0,SNV,LOF,6.854366642813471e-07,1.0,2.520034272466105e-05,1.0,eas,2.520034272466105e-05,1.0,False,True,True,False,42.30647334349807,blue_low_support_signal,False,AC_below_20; score_below_70,popmax_AF_gt_1e-5; weak_review; type=SNV; gene_constraint=0.64; detectability=0.81
ACMG_frequency_flag_but_VITAL_not_red,11:2583509:CTCTG:C,KCNQ1,VCV002830594,2830594,NM_000218.3(KCNQ1):c.1000_1003del (p.Val334fs),"criteria provided, single submitter",single_submitter,1.0,deletion,LOF,6.841311671004058e-07,1.0,2.235935962794025e-05,1.0,amr,2.235935962794025e-05,1.0,False,True,True,False,42.226189758525415,blue_low_support_signal,False,AC_below_20; score_below_70,popmax_AF_gt_1e-5; weak_review; type=deletion; gene_constraint=0.64; detectability=0.60
ACMG_frequency_flag_but_VITAL_not_red,1:237795312:A:C,RYR2,VCV000852605,852605,NM_001035.3(RYR2):c.13937A>C (p.Asp4646Ala),"criteria provided, single submitter",single_submitter,1.0,SNV,missense,9.531449812945298e-06,12.0,1.2573555298496204e-05,12.0,nfe,1.2573555298496204e-05,12.0,False,True,True,False,42.215340092577115,blue_low_support_signal,False,AC_below_20; score_below_70,popmax_AF_gt_1e-5; weak_review; type=SNV; gene_constraint=0.80; detectability=0.81
ACMG_frequency_flag_but_VITAL_not_red,1:115727014:C:A,CASQ2,VCV001757434,1757434,NM_001232.4(CASQ2):c.715G>T (p.Glu239Ter),"criteria provided, multiple submitters, no conflicts",multiple_submitters_no_conflicts,2.0,SNV,LOF,2.2557001542898904e-06,3.0,3.53090720775858e-05,3.0,sas,3.53090720775858e-05,3.0,False,False,True,False,42.022997499179326,blue_low_support_signal,False,AC_below_20; stronger_review; score_below_70,popmax_AF_gt_1e-5; type=SNV; gene_constraint=0.51; detectability=0.81
ACMG_frequency_flag_but_VITAL_not_red,7:150947827:GC:G,KCNH2,VCV001420193,1420193,NM_000238.4(KCNH2):c.2743del (p.Ala915fs),"criteria provided, multiple submitters, no conflicts",multiple_submitters_no_conflicts,2.0,deletion,LOF,7.281115117342451e-07,1.0,2.8638524543215534e-05,1.0,fin,2.8638524543215534e-05,1.0,False,False,True,False,41.90728749274924,blue_low_support_signal,False,AC_below_20; stronger_review; score_below_70,popmax_AF_gt_1e-5; type=deletion; gene_constraint=0.83; detectability=0.60
ACMG_frequency_flag_but_VITAL_not_red,12:2593252:C:G,CACNA1C,VCV000633643,633643,NM_000719.7(CACNA1C):c.2570C>G (p.Pro857Arg),"criteria provided, single submitter",single_submitter,1.0,SNV,missense,6.842613057074236e-07,1.0,2.2369362920544025e-05,1.0,amr,2.2369362920544025e-05,1.0,False,True,True,False,41.79118081077004,blue_low_support_signal,False,AC_below_20; score_below_70,popmax_AF_gt_1e-5; weak_review; type=SNV; gene_constraint=0.73; detectability=0.81
ACMG_frequency_flag_but_VITAL_not_red,4:113356680:C:T,ANK2,VCV003906496,3906496,NM_001148.6(ANK2):c.8062C>T (p.Arg2688Ter),"criteria provided, single submitter",single_submitter,1.0,SNV,LOF,2.052244676819349e-06,3.0,2.987571701720841e-05,1.0,afr,2.987571701720841e-05,1.0,False,True,True,False,41.69059818378395,blue_low_support_signal,False,AC_below_20; score_below_70,popmax_AF_gt_1e-5; weak_review; type=SNV; gene_constraint=0.61; detectability=0.81
ACMG_frequency_flag_but_VITAL_not_red,21:34449497:G:T,KCNE1,VCV000547162,547162,NM_000219.6(KCNE1):c.138C>A (p.Tyr46Ter),"criteria provided, single submitter",single_submitter,1.0,SNV,LOF,3.000828228591091e-06,3.0,2.9429942023014216e-05,2.0,sas,2.9429942023014216e-05,2.0,False,True,True,False,41.37986712978541,blue_low_support_signal,False,AC_below_20; score_below_70,popmax_AF_gt_1e-5; weak_review; type=SNV; gene_constraint=0.42; detectability=0.81
ACMG_frequency_flag_but_VITAL_not_red,1:115726996:G:A,CASQ2,VCV000859128,859128,NM_001232.4(CASQ2):c.733C>T (p.Gln245Ter),"criteria provided, single submitter",single_submitter,1.0,SNV,LOF,1.6498437597959474e-06,2.0,2.4118469924268005e-05,2.0,sas,2.4118469924268005e-05,2.0,False,True,True,False,41.260101069675315,blue_low_support_signal,False,AC_below_20; score_below_70,popmax_AF_gt_1e-5; weak_review; type=SNV; gene_constraint=0.51; detectability=0.81
ACMG_frequency_flag_but_VITAL_not_red,11:2775959:G:A,KCNQ1,VCV000666975,666975,NM_000218.3(KCNQ1):c.1591-1G>A,"criteria provided, multiple submitters, no conflicts",multiple_submitters_no_conflicts,2.0,SNV,LOF,1.4245501270698712e-06,2.0,3.968253968253968e-05,1.0,asj,3.968253968253968e-05,1.0,False,False,True,False,41.140730621513036,blue_low_support_signal,False,AC_below_20; stronger_review; score_below_70,popmax_AF_gt_1e-5; type=SNV; gene_constraint=0.64; detectability=0.81
ACMG_frequency_flag_but_VITAL_not_red,3:38580930:C:T,SCN5A,VCV004614938,4614938,NM_000335.5(SCN5A):c.3228+1G>A,"criteria provided, single submitter",single_submitter,1.0,SNV,LOF,1.386107049047398e-06,2.0,2.540779511154022e-05,1.0,eas,2.540779511154022e-05,1.0,False,True,True,False,41.109664612482725,blue_low_support_signal,False,AC_below_20; score_below_70,popmax_AF_gt_1e-5; weak_review; type=SNV; gene_constraint=0.66; detectability=0.81
ACMG_frequency_flag_but_VITAL_not_red,7:150947785:TC:T,KCNH2,VCV000972416,972416,NM_000238.4(KCNH2):c.2785del (p.Glu929fs),"criteria provided, multiple submitters, no conflicts",multiple_submitters_no_conflicts,2.0,deletion,LOF,7.232300030520306e-07,1.0,2.6745119015779625e-05,1.0,fin,2.6745119015779625e-05,1.0,False,False,True,False,41.10497694306222,blue_low_support_signal,False,AC_below_20; stronger_review; score_below_70,popmax_AF_gt_1e-5; type=deletion; gene_constraint=0.83; detectability=0.60
ACMG_frequency_flag_but_VITAL_not_red,1:115717895:C:T,CASQ2,VCV002914884,2914884,NM_001232.4(CASQ2):c.784-1G>A,"criteria provided, single submitter",single_submitter,1.0,SNV,LOF,6.873948285912256e-07,1.0,2.5218136884047006e-05,1.0,eas,2.5218136884047006e-05,1.0,False,True,True,False,41.03020007339565,blue_low_support_signal,False,AC_below_20; score_below_70,popmax_AF_gt_1e-5; weak_review; type=SNV; gene_constraint=0.51; detectability=0.81
ACMG_frequency_flag_but_VITAL_not_red,1:115744827:C:G,CASQ2,VCV001515619,1515619,NM_001232.4(CASQ2):c.319+1G>C,"criteria provided, single submitter",single_submitter,1.0,SNV,LOF,6.866537850416593e-07,1.0,2.521050773962588e-05,1.0,eas,2.521050773962588e-05,1.0,False,True,True,False,41.028928635479154,blue_low_support_signal,False,AC_below_20; score_below_70,popmax_AF_gt_1e-5; weak_review; type=SNV; gene_constraint=0.51; detectability=0.81
ACMG_frequency_flag_but_VITAL_not_red,11:2570755:G:A,KCNQ1,VCV000926958,926958,NM_000218.3(KCNQ1):c.604+1G>A,"criteria provided, single submitter",single_submitter,1.0,SNV,LOF,1.371599119982005e-06,2.0,2.5191455058444177e-05,1.0,eas,2.5191455058444177e-05,1.0,False,True,True,False,40.79596275675683,blue_low_support_signal,False,AC_below_20; score_below_70,popmax_AF_gt_1e-5; weak_review; type=SNV; gene_constraint=0.64; detectability=0.81
ACMG_frequency_flag_but_VITAL_not_red,4:113232260:G:A,ANK2,VCV002101362,2101362,NM_001148.6(ANK2):c.483+1G>A,"criteria provided, single submitter",single_submitter,1.0,SNV,LOF,7.081932291061752e-07,1.0,2.239741981723705e-05,1.0,amr,2.239741981723705e-05,1.0,False,True,True,False,40.560173614127336,blue_low_support_signal,False,AC_below_20; score_below_70,popmax_AF_gt_1e-5; weak_review; type=SNV; gene_constraint=0.61; detectability=0.81
ACMG_frequency_flag_but_VITAL_not_red,1:115727123:CTGTAACCATT:C,CASQ2,VCV003019374,3019374,NM_001232.4(CASQ2):c.607-11_607-2del,"criteria provided, single submitter",single_submitter,1.0,deletion,splice_or_intronic,8.92116979868351e-06,13.0,1.173325438959098e-05,13.0,nfe,1.173325438959098e-05,13.0,False,True,True,False,40.4531720724529,blue_low_support_signal,False,AC_below_20; score_below_70,popmax_AF_gt_1e-5; weak_review; type=deletion; gene_constraint=0.51; detectability=0.60
ACMG_frequency_flag_but_VITAL_not_red,7:150958081:CG:C,KCNH2,VCV001076966,1076966,NM_000238.4(KCNH2):c.893del (p.Pro298fs),"criteria provided, multiple submitters, no conflicts",multiple_submitters_no_conflicts,2.0,deletion,LOF,3.5673706872718e-06,4.0,3.380434047731729e-05,1.0,sas,3.380434047731729e-05,1.0,False,False,True,False,40.43713836032424,blue_low_support_signal,False,AC_below_20; stronger_review; score_below_70,popmax_AF_gt_1e-5; type=deletion; gene_constraint=0.83; detectability=0.60
ACMG_frequency_flag_but_VITAL_not_red,4:113282823:T:C,ANK2,VCV002664649,2664649,NM_001148.6(ANK2):c.2030T>C (p.Met677Thr),no assertion criteria provided,weak_or_no_assertion,,SNV,missense,2.0523373385836683e-06,3.0,2.237236565394425e-05,1.0,amr,2.237236565394425e-05,1.0,False,True,True,False,40.23632349609812,blue_low_support_signal,False,AC_below_20; score_below_70,popmax_AF_gt_1e-5; weak_review; type=SNV; gene_constraint=0.61; detectability=0.81
ACMG_frequency_flag_but_VITAL_not_red,3:38551291:A:AAGTT,SCN5A,VCV001457006,1457006,NM_000335.5(SCN5A):c.5074_5077dup (p.Phe1693Ter),"criteria provided, single submitter",single_submitter,1.0,duplication,LOF,6.840441235821475e-07,1.0,1.6557387906483872e-05,1.0,remaining,1.6557387906483872e-05,1.0,False,True,True,False,40.09963142024048,blue_low_support_signal,False,AC_below_20; score_below_70,popmax_AF_gt_1e-5; weak_review; type=duplication; gene_constraint=0.66; detectability=0.38
ACMG_frequency_flag_but_VITAL_not_red,11:2847865:C:CA,KCNQ1,VCV000405260,405260,NM_000218.3(KCNQ1):c.1894dup (p.Arg632fs),"criteria provided, multiple submitters, no conflicts",multiple_submitters_no_conflicts,2.0,duplication,LOF,7.015476140365646e-07,1.0,2.484225170169424e-05,1.0,amr,2.484225170169424e-05,1.0,False,False,True,False,39.655820008545,blue_low_support_signal,False,AC_below_20; stronger_review; score_below_70,popmax_AF_gt_1e-5; type=duplication; gene_constraint=0.64; detectability=0.38
ACMG_frequency_flag_but_VITAL_not_red,3:38581292:ATC:A,SCN5A,VCV000418944,418944,NM_000335.5(SCN5A):c.2865_2866del (p.Glu955fs),"criteria provided, multiple submitters, no conflicts",multiple_submitters_no_conflicts,2.0,deletion,LOF,4.791389735748012e-06,7.0,3.826432999158185e-05,1.0,asj,3.826432999158185e-05,1.0,False,False,True,False,39.65070959060794,blue_low_support_signal,False,AC_below_20; stronger_review; score_below_70,popmax_AF_gt_1e-5; type=deletion; gene_constraint=0.66; detectability=0.60
ACMG_frequency_flag_but_VITAL_not_red,1:115705275:C:A,CASQ2,VCV000651334,651334,NM_001232.4(CASQ2):c.856G>T (p.Glu286Ter),"criteria provided, single submitter",single_submitter,1.0,SNV,LOF,6.846004603253495e-07,1.0,2.2361359570661896e-05,1.0,amr,2.2361359570661896e-05,1.0,False,True,True,False,39.60313869237555,blue_low_support_signal,False,AC_below_20; score_below_70,popmax_AF_gt_1e-5; weak_review; type=SNV; gene_constraint=0.51; detectability=0.81
ACMG_frequency_flag_but_VITAL_not_red,1:115705293:C:G,CASQ2,VCV004778592,4778592,NM_001232.4(CASQ2):c.839-1G>C,"criteria provided, single submitter",single_submitter,1.0,SNV,LOF,6.880825478871049e-07,1.0,2.236736154603203e-05,1.0,amr,2.236736154603203e-05,1.0,False,True,True,False,39.59532712541199,blue_low_support_signal,False,AC_below_20; score_below_70,popmax_AF_gt_1e-5; weak_review; type=SNV; gene_constraint=0.51; detectability=0.81
ACMG_frequency_flag_but_VITAL_not_red,3:38551460:G:A,SCN5A,VCV000523778,523778,NM_000335.5(SCN5A):c.4909C>T (p.Arg1637Ter),"criteria provided, multiple submitters, no conflicts",multiple_submitters_no_conflicts,2.0,SNV,LOF,4.104371429196857e-06,6.0,3.311587243765937e-05,2.0,remaining,3.311587243765937e-05,2.0,False,False,True,False,39.580390898960275,blue_low_support_signal,False,AC_below_20; stronger_review; score_below_70,popmax_AF_gt_1e-5; type=SNV; gene_constraint=0.66; detectability=0.81
ACMG_frequency_flag_but_VITAL_not_red,3:38603712:C:T,SCN5A,VCV000505275,505275,NM_000335.5(SCN5A):c.1890G>A (p.Thr630=),"criteria provided, multiple submitters, no conflicts",multiple_submitters_no_conflicts,2.0,SNV,other_or_unresolved,1.4756161804265416e-06,2.0,3.419271011420365e-05,1.0,amr,3.419271011420365e-05,1.0,False,False,True,False,39.5203614114811,blue_low_support_signal,False,AC_below_20; stronger_review; score_below_70,popmax_AF_gt_1e-5; type=SNV; gene_constraint=0.66; detectability=0.81
ACMG_frequency_flag_but_VITAL_not_red,15:73329724:C:A,HCN4,VCV000404118,404118,NM_005477.3(HCN4):c.1439G>T (p.Gly480Val),"criteria provided, single submitter",single_submitter,1.0,SNV,missense,6.840693919991244e-07,1.0,2.236235967619303e-05,1.0,amr,2.236235967619303e-05,1.0,False,True,True,False,39.48035796983519,blue_low_support_signal,False,AC_below_20; score_below_70,popmax_AF_gt_1e-5; weak_review; type=SNV; gene_constraint=0.50; detectability=0.81
ACMG_frequency_flag_but_VITAL_not_red,6:123377715:C:A,TRDN,VCV003780742,3780742,NM_006073.4(TRDN):c.1246+1G>T,"criteria provided, single submitter",single_submitter,1.0,SNV,LOF,2.053511778943564e-06,3.0,2.990251779199809e-05,1.0,afr,2.990251779199809e-05,1.0,False,True,True,False,39.469853303964925,blue_low_support_signal,False,AC_below_20; score_below_70,popmax_AF_gt_1e-5; weak_review; type=SNV; gene_constraint=0.39; detectability=0.81
ACMG_frequency_flag_but_VITAL_not_red,6:123530549:CTT:C,TRDN,VCV001403180,1403180,NM_006073.4(TRDN):c.439_440del (p.Lys147fs),"criteria provided, single submitter",single_submitter,1.0,deletion,LOF,9.0703770555742e-07,1.0,2.2095541119802024e-05,1.0,remaining,2.2095541119802024e-05,1.0,False,True,True,False,38.97474716760005,blue_low_support_signal,False,AC_below_20; score_below_70,popmax_AF_gt_1e-5; weak_review; type=deletion; gene_constraint=0.39; detectability=0.60
ACMG_frequency_flag_but_VITAL_not_red,3:38562432:G:A,SCN5A,VCV000496571,496571,NM_000335.5(SCN5A):c.3943C>T (p.Arg1315Ter),"criteria provided, multiple submitters, no conflicts",multiple_submitters_no_conflicts,2.0,SNV,LOF,6.856199444099349e-07,1.0,2.524614996213077e-05,1.0,eas,2.524614996213077e-05,1.0,False,False,True,False,37.5620045849321,blue_low_support_signal,False,AC_below_20; stronger_review; score_below_70,popmax_AF_gt_1e-5; type=SNV; gene_constraint=0.66; detectability=0.81
ACMG_frequency_flag_but_VITAL_not_red,11:2445417:C:T,KCNQ1,VCV002440963,2440963,NM_000218.3(KCNQ1):c.319C>T (p.Gln107Ter),"criteria provided, multiple submitters, no conflicts",multiple_submitters_no_conflicts,2.0,SNV,LOF,1.3834281903929214e-06,2.0,2.3213705371651425e-05,2.0,sas,2.3213705371651425e-05,2.0,False,False,True,False,37.46439526691046,blue_low_support_signal,False,AC_below_20; stronger_review; score_below_70,popmax_AF_gt_1e-5; type=SNV; gene_constraint=0.64; detectability=0.81
ACMG_frequency_flag_but_VITAL_not_red,1:237784169:A:C,RYR2,VCV003255050,3255050,NM_001035.3(RYR2):c.12457A>C (p.Ser4153Arg),"criteria provided, single submitter",single_submitter,1.0,SNV,missense,1.3682773114992762e-06,2.0,1.6563421340312053e-05,1.0,remaining,1.6563421340312053e-05,1.0,False,True,True,False,37.42559577854087,blue_low_support_signal,False,AC_below_20; score_below_70,popmax_AF_gt_1e-5; weak_review; type=SNV; gene_constraint=0.80; detectability=0.81
ACMG_frequency_flag_but_VITAL_not_red,11:2572980:G:A,KCNQ1,VCV002440959,2440959,NM_000218.3(KCNQ1):c.915G>A (p.Trp305Ter),"criteria provided, multiple submitters, no conflicts",multiple_submitters_no_conflicts,2.0,SNV,LOF,6.845723408129707e-07,1.0,2.5192724341210258e-05,1.0,eas,2.5192724341210258e-05,1.0,False,False,True,False,37.30560215961399,blue_low_support_signal,False,AC_below_20; stronger_review; score_below_70,popmax_AF_gt_1e-5; type=SNV; gene_constraint=0.64; detectability=0.81
ACMG_frequency_flag_but_VITAL_not_red,11:2445200:C:A,KCNQ1,VCV002899907,2899907,NM_000218.3(KCNQ1):c.102C>A (p.Cys34Ter),"criteria provided, multiple submitters, no conflicts",multiple_submitters_no_conflicts,2.0,SNV,LOF,3.003045087718947e-06,3.0,3.278043663541598e-05,1.0,sas,3.278043663541598e-05,1.0,False,False,True,False,37.239230959949516,blue_low_support_signal,False,AC_below_20; stronger_review; score_below_70,popmax_AF_gt_1e-5; type=SNV; gene_constraint=0.64; detectability=0.81
ACMG_frequency_flag_but_VITAL_not_red,6:123530547:GTCTTA:G,TRDN,VCV000449691,449691,NM_006073.4(TRDN):c.438_442del (p.Asp146_Lys147insTer),"criteria provided, multiple submitters, no conflicts",multiple_submitters_no_conflicts,2.0,deletion,LOF,8.154670542249349e-06,9.0,3.4233679093492176e-05,2.0,sas,3.4233679093492176e-05,2.0,False,False,True,False,37.098510538344186,blue_low_support_signal,False,AC_below_20; stronger_review; score_below_70,popmax_AF_gt_1e-5; type=deletion; gene_constraint=0.39; detectability=0.60
ACMG_frequency_flag_but_VITAL_not_red,4:113367670:T:G,ANK2,VCV004278327,4278327,NM_001148.6(ANK2):c.11137T>G (p.Ser3713Ala),"criteria provided, single submitter",single_submitter,1.0,SNV,missense,6.840721997162468e-07,1.0,1.6559032952475575e-05,1.0,remaining,1.6559032952475575e-05,1.0,False,True,True,False,37.0284397858923,blue_low_support_signal,False,AC_below_20; score_below_70,popmax_AF_gt_1e-5; weak_review; type=SNV; gene_constraint=0.61; detectability=0.81
ACMG_frequency_flag_but_VITAL_not_red,4:113354772:C:T,ANK2,VCV003359793,3359793,NM_001148.6(ANK2):c.6154C>T (p.Arg2052Ter),"criteria provided, single submitter",single_submitter,1.0,SNV,LOF,1.3683166284678274e-06,2.0,1.872308556450103e-05,1.0,fin,1.872308556450103e-05,1.0,False,True,True,False,36.98993539276927,blue_low_support_signal,False,AC_below_20; score_below_70,popmax_AF_gt_1e-5; weak_review; type=SNV; gene_constraint=0.61; detectability=0.81
ACMG_frequency_flag_but_VITAL_not_red,6:123516159:CT:C,TRDN,VCV001075032,1075032,NM_006073.4(TRDN):c.531del (p.Glu178fs),"criteria provided, multiple submitters, no conflicts",multiple_submitters_no_conflicts,2.0,deletion,LOF,2.240414387045028e-06,3.0,3.33000333000333e-05,1.0,afr,3.33000333000333e-05,1.0,False,False,True,False,36.91008406372403,blue_low_support_signal,False,AC_below_20; stronger_review; score_below_70,popmax_AF_gt_1e-5; type=deletion; gene_constraint=0.39; detectability=0.60
ACMG_frequency_flag_but_VITAL_not_red,7:150959590:T:TG,KCNH2,VCV000503669,503669,NM_000238.4(KCNH2):c.453dup (p.Thr152fs),"criteria provided, multiple submitters, no conflicts",multiple_submitters_no_conflicts,2.0,duplication,LOF,1.3683035225605884e-06,2.0,1.8775111711914684e-05,1.0,fin,1.8775111711914684e-05,1.0,False,False,True,False,36.72134355362226,blue_low_support_signal,False,AC_below_20; stronger_review; score_below_70,popmax_AF_gt_1e-5; type=duplication; gene_constraint=0.83; detectability=0.38
ACMG_frequency_flag_but_VITAL_not_red,3:38620919:G:A,SCN5A,VCV000667015,667015,NM_000335.5(SCN5A):c.535C>T (p.Arg179Ter),"criteria provided, multiple submitters, no conflicts",multiple_submitters_no_conflicts,2.0,SNV,LOF,6.842435140557302e-07,1.0,2.2374367924106146e-05,1.0,amr,2.2374367924106146e-05,1.0,False,False,True,False,36.124147892943235,blue_low_support_signal,False,AC_below_20; stronger_review; score_below_70,popmax_AF_gt_1e-5; type=SNV; gene_constraint=0.66; detectability=0.81
ACMG_frequency_flag_but_VITAL_not_red,17:70175675:G:A,KCNJ2,VCV001480008,1480008,NM_000891.3(KCNJ2):c.636G>A (p.Trp212Ter),"criteria provided, single submitter",single_submitter,1.0,SNV,LOF,6.840450594161539e-07,1.0,1.6557387906483872e-05,1.0,remaining,1.6557387906483872e-05,1.0,False,True,True,False,35.89097576550961,blue_low_support_signal,False,AC_below_20; score_below_70,popmax_AF_gt_1e-5; weak_review; type=SNV; gene_constraint=0.50; detectability=0.81
ACMG_frequency_flag_but_VITAL_not_red,11:2585248:C:T,KCNQ1,VCV000842027,842027,NM_000218.3(KCNQ1):c.1069C>T (p.Gln357Ter),"criteria provided, multiple submitters, no conflicts",multiple_submitters_no_conflicts,2.0,SNV,LOF,1.3682454851319603e-06,2.0,2.5188916876574308e-05,1.0,eas,2.5188916876574308e-05,1.0,False,False,True,False,35.800075227692034,blue_low_support_signal,False,AC_below_20; stronger_review; score_below_70,popmax_AF_gt_1e-5; type=SNV; gene_constraint=0.64; detectability=0.81
ACMG_frequency_flag_but_VITAL_not_red,4:113333091:C:T,ANK2,VCV002576605,2576605,NM_001148.6(ANK2):c.3262C>T (p.Arg1088Ter),"criteria provided, single submitter",single_submitter,1.0,SNV,LOF,1.368095733867073e-06,2.0,1.6557387906483872e-05,1.0,remaining,1.6557387906483872e-05,1.0,False,True,True,False,35.522182098459055,blue_low_support_signal,False,AC_below_20; score_below_70,popmax_AF_gt_1e-5; weak_review; type=SNV; gene_constraint=0.61; detectability=0.81
ACMG_frequency_flag_but_VITAL_not_red,7:150977912:A:G,KCNH2,VCV004813695,4813695,NM_000238.4(KCNH2):c.2T>C (p.Met1Thr),"criteria provided, single submitter",single_submitter,1.0,SNV,missense,6.93410107700458e-07,1.0,1.171042461999672e-05,1.0,sas,1.171042461999672e-05,1.0,False,True,True,False,34.98881023973155,blue_low_support_signal,False,AC_below_20; score_below_70,popmax_AF_gt_1e-5; weak_review; type=SNV; gene_constraint=0.83; detectability=0.81
ACMG_frequency_flag_but_VITAL_not_red,11:2583515:CTT:C,KCNQ1,VCV003000119,3000119,NM_000218.3(KCNQ1):c.1004_1005del (p.Phe335fs),"criteria provided, single submitter",single_submitter,1.0,deletion,LOF,4.105124015796517e-06,6.0,1.6558484567492383e-05,1.0,remaining,1.6558484567492383e-05,1.0,False,True,True,False,34.74819178991525,blue_low_support_signal,False,AC_below_20; score_below_70,popmax_AF_gt_1e-5; weak_review; type=deletion; gene_constraint=0.64; detectability=0.60
ACMG_frequency_flag_but_VITAL_not_red,1:115738290:G:A,CASQ2,VCV000942279,942279,NM_001232.4(CASQ2):c.466C>T (p.Gln156Ter),"criteria provided, single submitter",single_submitter,1.0,SNV,LOF,2.052578860079804e-06,3.0,1.655958137378287e-05,1.0,remaining,1.655958137378287e-05,1.0,False,True,True,False,33.6314842528257,blue_low_support_signal,False,AC_below_20; score_below_70,popmax_AF_gt_1e-5; weak_review; type=SNV; gene_constraint=0.51; detectability=0.81
ACMG_frequency_flag_but_VITAL_not_red,6:123516162:T:A,TRDN,VCV000583099,583099,NM_006073.4(TRDN):c.529A>T (p.Lys177Ter),"criteria provided, single submitter",single_submitter,1.0,SNV,LOF,2.239026530971708e-06,3.0,1.8289560318969934e-05,1.0,remaining,1.8289560318969934e-05,1.0,False,True,True,False,33.41066990001834,blue_low_support_signal,False,AC_below_20; score_below_70,popmax_AF_gt_1e-5; weak_review; type=SNV; gene_constraint=0.39; detectability=0.81
ACMG_frequency_flag_but_VITAL_not_red,3:38603999:G:A,SCN5A,VCV000517279,517279,NM_000335.5(SCN5A):c.1603C>T (p.Arg535Ter),"criteria provided, multiple submitters, no conflicts",multiple_submitters_no_conflicts,2.0,SNV,LOF,4.7902486960258726e-06,7.0,2.519018590357197e-05,1.0,eas,2.519018590357197e-05,1.0,False,False,True,False,33.31413011865827,blue_low_support_signal,False,AC_below_20; stronger_review; score_below_70,popmax_AF_gt_1e-5; type=SNV; gene_constraint=0.66; detectability=0.81
ACMG_frequency_flag_but_VITAL_not_red,6:123570930:G:GT,TRDN,VCV004077704,4077704,NM_006073.4(TRDN):c.224dup (p.Asn75fs),"criteria provided, single submitter",single_submitter,1.0,duplication,LOF,6.843811893723814e-07,1.0,1.160227404571296e-05,1.0,sas,1.160227404571296e-05,1.0,False,True,True,False,33.11954158887428,blue_low_support_signal,False,AC_below_20; score_below_70,popmax_AF_gt_1e-5; weak_review; type=duplication; gene_constraint=0.39; detectability=0.38
ACMG_frequency_flag_but_VITAL_not_red,11:2572062:G:T,KCNQ1,VCV000405265,405265,NM_000218.3(KCNQ1):c.733G>T (p.Gly245Ter),"criteria provided, single submitter",single_submitter,1.0,SNV,LOF,6.846370191451896e-07,1.0,1.1593396401409756e-05,1.0,sas,1.1593396401409756e-05,1.0,False,True,True,False,33.03612521417803,blue_low_support_signal,False,AC_below_20; score_below_70,popmax_AF_gt_1e-5; weak_review; type=SNV; gene_constraint=0.64; detectability=0.81
ACMG_frequency_flag_but_VITAL_not_red,3:38633181:G:A,SCN5A,VCV000924596,924596,NM_000335.5(SCN5A):c.127C>T (p.Arg43Ter),"criteria provided, multiple submitters, no conflicts",multiple_submitters_no_conflicts,2.0,SNV,LOF,6.843886834962407e-07,1.0,1.657000828500414e-05,1.0,remaining,1.657000828500414e-05,1.0,False,False,True,False,32.53691605998115,blue_low_support_signal,False,AC_below_20; stronger_review; score_below_70,popmax_AF_gt_1e-5; type=SNV; gene_constraint=0.66; detectability=0.81
ACMG_frequency_flag_but_VITAL_not_red,1:115732931:G:T,CASQ2,VCV001367739,1367739,NM_001232.4(CASQ2):c.576C>A (p.Tyr192Ter),"criteria provided, multiple submitters, no conflicts",multiple_submitters_no_conflicts,2.0,SNV,LOF,2.05254796462502e-06,3.0,2.236035955458164e-05,1.0,amr,2.236035955458164e-05,1.0,False,False,True,False,32.21832605132135,blue_low_support_signal,False,AC_below_20; stronger_review; score_below_70,popmax_AF_gt_1e-5; type=SNV; gene_constraint=0.51; detectability=0.81
ACMG_frequency_flag_but_VITAL_not_red,17:70175721:C:T,KCNJ2,VCV000403974,403974,NM_000891.3(KCNJ2):c.682C>T (p.Arg228Ter),"criteria provided, single submitter",single_submitter,1.0,SNV,LOF,4.104292816666712e-06,6.0,1.6557387906483872e-05,1.0,remaining,1.6557387906483872e-05,1.0,False,True,True,False,32.00021027586151,blue_low_support_signal,False,AC_below_20; score_below_70,popmax_AF_gt_1e-5; weak_review; type=SNV; gene_constraint=0.50; detectability=0.81
ACMG_frequency_flag_but_VITAL_not_red,1:237640956:A:G,RYR2,VCV001805845,1805845,NM_001035.3(RYR2):c.7175A>G (p.Tyr2392Cys),"criteria provided, multiple submitters, no conflicts",multiple_submitters_no_conflicts,2.0,SNV,missense,2.0529075329389014e-06,3.0,1.656781205474005e-05,1.0,remaining,1.656781205474005e-05,1.0,False,False,True,False,31.54778551075995,blue_low_support_signal,False,AC_below_20; stronger_review; score_below_70,popmax_AF_gt_1e-5; type=SNV; gene_constraint=0.80; detectability=0.81
ACMG_frequency_flag_but_VITAL_not_red,6:123530506:CT:C,TRDN,VCV002732852,2732852,NM_006073.4(TRDN):c.483del (p.Val162fs),"criteria provided, multiple submitters, no conflicts",multiple_submitters_no_conflicts,2.0,deletion,LOF,3.6582867511487022e-06,4.0,2.22727070248118e-05,1.0,remaining,2.22727070248118e-05,1.0,False,False,True,False,31.041866916522903,blue_low_support_signal,False,AC_below_20; stronger_review; score_below_70,popmax_AF_gt_1e-5; type=deletion; gene_constraint=0.39; detectability=0.60
ACMG_frequency_flag_but_VITAL_not_red,21:34449418:G:A,KCNE1,VCV000418270,418270,NM_000219.6(KCNE1):c.217C>T (p.His73Tyr),"criteria provided, single submitter",single_submitter,1.0,SNV,missense,6.879216099567022e-07,1.0,1.1603620329542817e-05,1.0,sas,1.1603620329542817e-05,1.0,False,True,True,False,30.79941793293874,blue_low_support_signal,False,AC_below_20; score_below_70,popmax_AF_gt_1e-5; weak_review; type=SNV; gene_constraint=0.42; detectability=0.81
ACMG_frequency_flag_but_VITAL_not_red,1:237707240:A:T,RYR2,VCV000649240,649240,NM_001035.3(RYR2):c.9872A>T (p.Asp3291Val),"criteria provided, multiple submitters, no conflicts",multiple_submitters_no_conflicts,2.0,SNV,missense,7.100769865468815e-07,1.0,1.27890321260487e-05,1.0,sas,1.27890321260487e-05,1.0,False,False,True,False,30.76134775120417,blue_low_support_signal,False,AC_below_20; stronger_review; score_below_70,popmax_AF_gt_1e-5; type=SNV; gene_constraint=0.80; detectability=0.81
ACMG_frequency_flag_but_VITAL_not_red,11:2572019:C:CCG,KCNQ1,VCV000817280,817280,NM_000218.3(KCNQ1):c.692_693dup (p.Phe232fs),"criteria provided, multiple submitters, no conflicts",multiple_submitters_no_conflicts,2.0,duplication,LOF,6.848423835254316e-07,1.0,1.1602543277486424e-05,1.0,sas,1.1602543277486424e-05,1.0,False,False,True,False,30.61561467068496,blue_low_support_signal,False,AC_below_20; stronger_review; score_below_70,popmax_AF_gt_1e-5; type=duplication; gene_constraint=0.64; detectability=0.38
ACMG_frequency_flag_but_VITAL_not_red,1:115725554:C:A,CASQ2,VCV003575248,3575248,NM_001232.4(CASQ2):c.738-1G>T,"criteria provided, multiple submitters, no conflicts",multiple_submitters_no_conflicts,2.0,SNV,LOF,6.955567832684809e-06,7.0,2.285818780287099e-05,1.0,remaining,2.285818780287099e-05,1.0,False,False,True,False,29.83111328736964,blue_low_support_signal,False,AC_below_20; stronger_review; score_below_70,popmax_AF_gt_1e-5; type=SNV; gene_constraint=0.51; detectability=0.81
ACMG_frequency_flag_but_VITAL_not_red,3:38566408:C:T,SCN5A,VCV000488729,488729,NM_000335.5(SCN5A):c.3837+1G>A,"criteria provided, multiple submitters, no conflicts",multiple_submitters_no_conflicts,2.0,SNV,LOF,4.791376617260729e-06,7.0,1.8777932174108987e-05,1.0,fin,1.8777932174108987e-05,1.0,False,False,True,False,29.805069861670734,blue_low_support_signal,False,AC_below_20; stronger_review; score_below_70,popmax_AF_gt_1e-5; type=SNV; gene_constraint=0.66; detectability=0.81
ACMG_frequency_flag_but_VITAL_not_red,21:34449584:C:T,KCNE1,VCV000547164,547164,NM_000219.6(KCNE1):c.51G>A (p.Trp17Ter),"criteria provided, multiple submitters, no conflicts",multiple_submitters_no_conflicts,2.0,SNV,LOF,1.0952014842170511e-06,1.0,1.5943369152769364e-05,1.0,sas,1.5943369152769364e-05,1.0,False,False,True,False,28.584274739439262,blue_low_support_signal,False,AC_below_20; stronger_review; score_below_70,popmax_AF_gt_1e-5; type=SNV; gene_constraint=0.42; detectability=0.81
ACMG_frequency_flag_but_VITAL_not_red,11:2588855:G:A,KCNQ1,VCV002773478,2773478,NM_000218.3(KCNQ1):c.1393+1G>A,"criteria provided, multiple submitters, no conflicts",multiple_submitters_no_conflicts,2.0,SNV,LOF,6.8510794560791e-07,1.0,1.160631383472609e-05,1.0,sas,1.160631383472609e-05,1.0,False,False,True,False,28.047931750255476,blue_low_support_signal,False,AC_below_20; stronger_review; score_below_70,popmax_AF_gt_1e-5; type=SNV; gene_constraint=0.64; detectability=0.81
ACMG_frequency_flag_but_VITAL_not_red,17:70175818:G:A,KCNJ2,VCV001477795,1477795,NM_000891.3(KCNJ2):c.779G>A (p.Arg260His),"criteria provided, single submitter",single_submitter,1.0,SNV,missense,4.104309661955375e-06,6.0,1.15931275939623e-05,1.0,sas,1.15931275939623e-05,1.0,False,True,True,False,27.743443457330574,blue_low_support_signal,False,AC_below_20; score_below_70,popmax_AF_gt_1e-5; weak_review; type=SNV; gene_constraint=0.50; detectability=0.81
ACMG_frequency_flag_but_VITAL_not_red,6:123636753:C:A,TRDN,VCV000915308,915308,NM_006073.4(TRDN):c.22+1G>T,"criteria provided, multiple submitters, no conflicts",multiple_submitters_no_conflicts,2.0,SNV,LOF,2.055515358810761e-06,3.0,1.6596408537192552e-05,1.0,remaining,1.6596408537192552e-05,1.0,False,False,True,False,27.436160869987134,blue_low_support_signal,False,AC_below_20; stronger_review; score_below_70,popmax_AF_gt_1e-5; type=SNV; gene_constraint=0.39; detectability=0.81
ACMG_frequency_flag_but_VITAL_not_red,15:73329709:G:A,HCN4,VCV001675066,1675066,NM_005477.3(HCN4):c.1454C>T (p.Ala485Val),"criteria provided, multiple submitters, no conflicts",multiple_submitters_no_conflicts,2.0,SNV,missense,3.420346959995622e-06,5.0,1.6557936218829686e-05,1.0,remaining,1.6557936218829686e-05,1.0,False,False,True,False,27.396446541569738,blue_low_support_signal,False,AC_below_20; stronger_review; score_below_70,popmax_AF_gt_1e-5; type=SNV; gene_constraint=0.50; detectability=0.81
ACMG_frequency_flag_but_VITAL_not_red,1:237330939:C:T,RYR2,VCV000404190,404190,NM_001035.3(RYR2):c.230C>T (p.Ala77Val),"criteria provided, multiple submitters, no conflicts",multiple_submitters_no_conflicts,2.0,SNV,missense,2.0524243921061023e-06,3.0,1.15931275939623e-05,1.0,sas,1.15931275939623e-05,1.0,False,False,True,False,27.284021977056327,blue_low_support_signal,False,AC_below_20; stronger_review; score_below_70,popmax_AF_gt_1e-5; type=SNV; gene_constraint=0.80; detectability=0.81
ACMG_frequency_flag_but_VITAL_not_red,1:115738223:C:T,CASQ2,VCV001746831,1746831,NM_001232.4(CASQ2):c.532+1G>A,"criteria provided, multiple submitters, no conflicts",multiple_submitters_no_conflicts,2.0,SNV,LOF,7.006952298070145e-07,1.0,1.168688497767805e-05,1.0,sas,1.168688497767805e-05,1.0,False,False,True,False,26.803194909462277,blue_low_support_signal,False,AC_below_20; stronger_review; score_below_70,popmax_AF_gt_1e-5; type=SNV; gene_constraint=0.51; detectability=0.81
ACMG_frequency_flag_but_VITAL_not_red,1:115744914:T:C,CASQ2,VCV000408869,408869,NM_001232.4(CASQ2):c.235-2A>G,"criteria provided, multiple submitters, no conflicts",multiple_submitters_no_conflicts,2.0,SNV,LOF,1.372949328559131e-06,2.0,1.162385214460072e-05,1.0,sas,1.162385214460072e-05,1.0,False,False,True,False,25.277980644377415,blue_low_support_signal,False,AC_below_20; stronger_review; score_below_70,popmax_AF_gt_1e-5; type=SNV; gene_constraint=0.51; detectability=0.81
