domain,historical_prefix,variation_id,gene_baseline,gene_score,variant_key_baseline,variant_key_score,clinvar_id,name,clinical_group,followup_clinical_group,followup_clinical_significance,review_status_baseline,review_status_score,review_strength,review_score,submitter_count,match_category,frequency_evidence_status,strict_revised_to_b_or_vus,broad_revised_or_destabilized,clinical_significance_changed,review_status_changed,expanded_revised_or_review_changed,global_af,global_ac,popmax_af,popmax_ac,frequency_signal_ac_ge_20,vital_score,vital_band,vital_red_flag,max_frequency_signal,qualifying_frequency_ac,vital_signal_reason,stable_variant_key,stable_gene,is_red,is_missing_followup,domain_count
hearing_loss,vital_domain_hearing_loss_2023_01_to_current,1074239,USH2A,USH2A,1:216289411:C:T,1:216289411:C:T,VCV001074239,NM_206933.4(USH2A):c.1841-1G>A,P_LP,P_LP,Pathogenic/Likely pathogenic,"criteria provided, single submitter","criteria provided, single submitter",single_submitter,1,1.0,no_gnomad_record,not_observed_in_gnomAD,False,False,True,True,True,,,,,False,,gray_no_frequency_evidence,False,,,not_observed_in_gnomAD,1:216289411:C:T,USH2A,False,False,2
random_clinvar_plp,vital_random_clinvar_plp_2023_01_to_current,1074239,USH2A,USH2A,1:216289411:C:T,1:216289411:C:T,VCV001074239,NM_206933.4(USH2A):c.1841-1G>A,P_LP,P_LP,Pathogenic/Likely pathogenic,"criteria provided, single submitter","criteria provided, single submitter",single_submitter,1,1.0,no_gnomad_record,not_observed_in_gnomAD,False,False,True,True,True,,,,,False,,gray_no_frequency_evidence,False,,,not_observed_in_gnomAD,1:216289411:C:T,USH2A,False,False,2
arrhythmia,arrhythmia_2023_01_to_current,1213111,RYR2,RYR2,1:237772037:G:C,1:237772037:G:C,VCV001213111,NM_001035.3(RYR2):c.11583G>C (p.Gln3861His),P_LP,P_LP,Likely pathogenic,"criteria provided, single submitter","criteria provided, single submitter",single_submitter,1,1.0,no_gnomad_record,not_observed_in_gnomAD,False,False,False,False,False,,,,,False,,gray_no_frequency_evidence,False,,,not_observed_in_gnomAD,1:237772037:G:C,RYR2,False,False,2
random_clinvar_plp,vital_random_clinvar_plp_2023_01_to_current,1213111,RYR2,RYR2,1:237772037:G:C,1:237772037:G:C,VCV001213111,NM_001035.3(RYR2):c.11583G>C (p.Gln3861His),P_LP,P_LP,Likely pathogenic,"criteria provided, single submitter","criteria provided, single submitter",single_submitter,1,1.0,no_gnomad_record,not_observed_in_gnomAD,False,False,False,False,False,,,,,False,,gray_no_frequency_evidence,False,,,not_observed_in_gnomAD,1:237772037:G:C,RYR2,False,False,2
hearing_loss,vital_domain_hearing_loss_2023_01_to_current,179222,MYO15A,MYO15A,17:18171691:C:A,17:18171691:C:A,VCV000179222,NM_016239.4(MYO15A):c.10136C>A (p.Ser3379Ter),P_LP,P_LP,Pathogenic,"criteria provided, single submitter","criteria provided, single submitter",single_submitter,1,1.0,exact_match,frequency_observed,False,False,False,False,False,1.3689516294631245e-06,2.0,1.7985643859071688e-06,2.0,False,0.0,green_frequency_consistent,False,1.7985643859071688e-06,0.0,weak_review; type=SNV; gene_constraint=0.48; detectability=0.88,17:18171691:C:A,MYO15A,False,False,2
random_clinvar_plp,vital_random_clinvar_plp_2023_01_to_current,179222,MYO15A,MYO15A,17:18171691:C:A,17:18171691:C:A,VCV000179222,NM_016239.4(MYO15A):c.10136C>A (p.Ser3379Ter),P_LP,P_LP,Pathogenic,"criteria provided, single submitter","criteria provided, single submitter",single_submitter,1,1.0,exact_match,frequency_observed,False,False,False,False,False,1.3689516294631245e-06,2.0,1.7985643859071688e-06,2.0,False,0.0,green_frequency_consistent,False,1.7985643859071688e-06,0.0,weak_review; type=SNV; gene_constraint=0.75; detectability=0.84,17:18171691:C:A,MYO15A,False,False,2
arrhythmia,arrhythmia_2023_01_to_current,201330,RYR2,RYR2,1:237784084:C:A,1:237784084:C:A,VCV000201330,NM_001035.3(RYR2):c.12372C>A (p.Ser4124Arg),P_LP,P_LP,Pathogenic,"criteria provided, multiple submitters, no conflicts","criteria provided, multiple submitters, no conflicts",multiple_submitters_no_conflicts,2,2.0,no_gnomad_record,not_observed_in_gnomAD,False,False,True,False,True,,,,,False,,gray_no_frequency_evidence,False,,,not_observed_in_gnomAD,1:237784084:C:A,RYR2,False,False,2
random_clinvar_plp,vital_random_clinvar_plp_2023_01_to_current,201330,RYR2,RYR2,1:237784084:C:A,1:237784084:C:A,VCV000201330,NM_001035.3(RYR2):c.12372C>A (p.Ser4124Arg),P_LP,P_LP,Pathogenic,"criteria provided, multiple submitters, no conflicts","criteria provided, multiple submitters, no conflicts",multiple_submitters_no_conflicts,2,2.0,no_gnomad_record,not_observed_in_gnomAD,False,False,True,False,True,,,,,False,,gray_no_frequency_evidence,False,,,not_observed_in_gnomAD,1:237784084:C:A,RYR2,False,False,2
arrhythmia,arrhythmia_2023_01_to_current,496690,KCNQ1,KCNQ1,11:2661990:AGCAT:A,11:2661990:AGCAT:A,VCV000496690,NM_000218.3(KCNQ1):c.1426_1429del (p.Met476fs),P_LP,P_LP,Pathogenic,no assertion criteria provided,no assertion criteria provided,weak_or_no_assertion,0,1.0,no_gnomad_record,not_observed_in_gnomAD,False,False,False,False,False,,,,,False,,gray_no_frequency_evidence,False,,,not_observed_in_gnomAD,11:2661990:AGCAT:A,KCNQ1,False,False,2
random_clinvar_plp,vital_random_clinvar_plp_2023_01_to_current,496690,KCNQ1,KCNQ1,11:2661990:AGCAT:A,11:2661990:AGCAT:A,VCV000496690,NM_000218.3(KCNQ1):c.1426_1429del (p.Met476fs),P_LP,P_LP,Pathogenic,no assertion criteria provided,no assertion criteria provided,weak_or_no_assertion,0,1.0,no_gnomad_record,not_observed_in_gnomAD,False,False,False,False,False,,,,,False,,gray_no_frequency_evidence,False,,,not_observed_in_gnomAD,11:2661990:AGCAT:A,KCNQ1,False,False,2
arrhythmia,arrhythmia_2023_01_to_current,981438,KCNJ2,KCNJ2,17:70175977:GCTCTTA:G,17:70175977:GCTCTTA:G,VCV000981438,NM_000891.3(KCNJ2):c.939_944del (p.Ser314_Tyr315del),P_LP,P_LP,Likely pathogenic,"criteria provided, single submitter","criteria provided, single submitter",single_submitter,1,2.0,no_gnomad_record,not_observed_in_gnomAD,False,False,False,False,False,,,,,False,,gray_no_frequency_evidence,False,,,not_observed_in_gnomAD,17:70175977:GCTCTTA:G,KCNJ2,False,False,2
random_clinvar_plp,vital_random_clinvar_plp_2023_01_to_current,981438,KCNJ2,KCNJ2,17:70175977:GCTCTTA:G,17:70175977:GCTCTTA:G,VCV000981438,NM_000891.3(KCNJ2):c.939_944del (p.Ser314_Tyr315del),P_LP,P_LP,Likely pathogenic,"criteria provided, single submitter","criteria provided, single submitter",single_submitter,1,2.0,no_gnomad_record,not_observed_in_gnomAD,False,False,False,False,False,,,,,False,,gray_no_frequency_evidence,False,,,not_observed_in_gnomAD,17:70175977:GCTCTTA:G,KCNJ2,False,False,2
