variant_key,variant_id,gene,clinvar_id,variation_id,title,review_status,variant_type,functional_class,exome_genome_query_status,exome_af,exome_ac,exome_an,genome_af,genome_ac,genome_an
17:7220820:GT:G,17-7220820-GT-G,ACADVL,VCV001321382,1321382,NM_000018.4(ACADVL):c.335del (p.Phe112fs),"criteria provided, multiple submitters, no conflicts",deletion,LOF,ok,2.7364422966412906e-06,4.0,1461752.0,6.569180034948038e-06,1.0,152226.0
17:7223193:C:T,17-7223193-C-T,ACADVL,VCV001391720,1391720,NM_000018.4(ACADVL):c.1138C>T (p.Gln380Ter),"criteria provided, single submitter",SNV,LOF,ok,6.840881105486387e-07,1.0,1461800.0,,,
17:7223191:T:TC,17-7223191-T-TC,ACADVL,VCV001442492,1442492,NM_000018.4(ACADVL):c.1138dup (p.Gln380fs),"criteria provided, single submitter",duplication,LOF,no_gnomad_record,,,,,,
17:7224394:G:T,17-7224394-G-T,ACADVL,VCV001460064,1460064,NM_000018.4(ACADVL):c.1605+1G>T,"criteria provided, single submitter",SNV,LOF,ok,6.842032521548982e-07,1.0,1461554.0,,,
17:7222069:A:G,17-7222069-A-G,ACADVL,VCV001460759,1460759,NM_000018.4(ACADVL):c.740A>G (p.Lys247Arg),"criteria provided, single submitter",SNV,missense,ok,6.840553537592262e-07,1.0,1461870.0,,,
17:7224808:G:A,17-7224808-G-A,ACADVL,VCV001685496,1685496,NM_000018.4(ACADVL):c.1752-1G>A,"criteria provided, single submitter",SNV,LOF,no_gnomad_record,,,,,,
17:7220677:G:A,17-7220677-G-A,ACADVL,VCV001707707,1707707,NM_000018.4(ACADVL):c.277+1G>A,reviewed by expert panel,SNV,LOF,ok,1.368095733867073e-06,2.0,1461886.0,,,
17:7222278:A:T,17-7222278-A-T,ACADVL,VCV001995959,1995959,NM_000018.4(ACADVL):c.854A>T (p.Glu285Val),"criteria provided, single submitter",SNV,missense,no_gnomad_record,,,,,,
17:7224011:G:A,17-7224011-G-A,ACADVL,VCV000203585,203585,NM_000018.4(ACADVL):c.1376G>A (p.Arg459Gln),reviewed by expert panel,SNV,missense,ok,3.009860027827524e-05,44.0,1461862.0,3.286360290251341e-05,5.0,152144.0
17:7222250:AAGG:A,17-7222250-AAGG-A,ACADVL,VCV000203589,203589,NM_000018.4(ACADVL):c.829_831del (p.Glu277del),"criteria provided, multiple submitters, no conflicts",deletion,missense,ok,0.0003215095351519372,470.0,1461854.0,0.0002168997791565885,33.0,152144.0
17:7221613:G:A,17-7221613-G-A,ACADVL,VCV000203595,203595,NM_000018.4(ACADVL):c.553G>A (p.Gly185Ser),reviewed by expert panel,SNV,missense,ok,2.7363599298397315e-06,4.0,1461796.0,1.3143022369424073e-05,2.0,152172.0
17:7220799:AGCTG:A,17-7220799-AGCTG-A,ACADVL,VCV002697477,2697477,NM_000018.4(ACADVL):c.313_316del (p.Leu105fs),"criteria provided, single submitter",deletion,LOF,no_gnomad_record,,,,,,
17:7223208:CG:C,17-7223208-CG-C,ACADVL,VCV002700276,2700276,NM_000018.4(ACADVL):c.1155del (p.Met386fs),"criteria provided, single submitter",deletion,LOF,no_gnomad_record,,,,,,
17:7222200:T:TA,17-7222200-T-TA,ACADVL,VCV002711063,2711063,NM_000018.4(ACADVL):c.776_777insA (p.Phe259fs),"criteria provided, single submitter",insertion,LOF,no_gnomad_record,,,,,,
17:7224355:G:T,17-7224355-G-T,ACADVL,VCV002744271,2744271,NM_000018.4(ACADVL):c.1567G>T (p.Gly523Ter),"criteria provided, single submitter",SNV,LOF,ok,6.841555058098485e-07,1.0,1461656.0,,,
17:7224984:G:GC,17-7224984-G-GC,ACADVL,VCV002769158,2769158,NM_000018.4(ACADVL):c.1857dup (p.Ala620fs),"criteria provided, single submitter",duplication,LOF,no_gnomad_record,,,,,,
17:7223856:G:C,17-7223856-G-C,ACADVL,VCV002910360,2910360,NM_000018.4(ACADVL):c.1313G>C (p.Gly438Ala),"criteria provided, single submitter",SNV,missense,ok,2.7363150045833276e-06,4.0,1461820.0,,,
17:7222288:C:CG,17-7222288-C-CG,ACADVL,VCV000291163,291163,NM_000018.4(ACADVL):c.869dup (p.Ile291fs),reviewed by expert panel,duplication,LOF,ok,2.0523148743572834e-06,3.0,1461764.0,,,
17:7223136:G:T,17-7223136-G-T,ACADVL,VCV002974642,2974642,NM_000018.4(ACADVL):c.1081G>T (p.Asp361Tyr),"criteria provided, single submitter",SNV,missense,ok,6.847420302875095e-06,10.0,1460404.0,,,
17:7224320:G:C,17-7224320-G-C,ACADVL,VCV003240858,3240858,NM_000018.4(ACADVL):c.1533-1G>C,"criteria provided, single submitter",SNV,LOF,no_gnomad_record,,,,,,
17:7223229:G:T,17-7223229-G-T,ACADVL,VCV003678798,3678798,NM_000018.4(ACADVL):c.1174G>T (p.Val392Leu),"criteria provided, single submitter",SNV,missense,ok,6.844439577287412e-07,1.0,1461040.0,,,
17:7224690:ATGCCATGGTGG:A,17-7224690-ATGCCATGGTGG-A,ACADVL,VCV000373427,373427,NM_000018.4(ACADVL):c.1730_1740del (p.Ala577fs),reviewed by expert panel,deletion,LOF,no_gnomad_record,,,,,,
17:7224516:G:T,17-7224516-G-T,ACADVL,VCV004715598,4715598,NM_000018.4(ACADVL):c.1642G>T (p.Glu548Ter),"criteria provided, single submitter",SNV,LOF,no_gnomad_record,,,,,,
17:7220048:T:A,17-7220048-T-A,ACADVL,VCV004728910,4728910,NM_000018.4(ACADVL):c.62+2T>A,"criteria provided, single submitter",SNV,LOF,no_gnomad_record,,,,,,
17:7220828:G:T,17-7220828-G-T,ACADVL,VCV004732396,4732396,NM_000018.4(ACADVL):c.340G>T (p.Glu114Ter),"criteria provided, single submitter",SNV,LOF,ok,6.84114318239035e-07,1.0,1461744.0,,,
17:7220154:GGCCCGGCCCT:G,17-7220154-GGCCCGGCCCT-G,ACADVL,VCV000541714,541714,NM_000018.4(ACADVL):c.103_112del (p.Pro35fs),reviewed by expert panel,deletion,LOF,ok,1.4354513417881418e-06,2.0,1393290.0,6.570647603027754e-06,1.0,152192.0
17:7220160:GC:G,17-7220160-GC-G,ACADVL,VCV000541718,541718,NM_000018.4(ACADVL):c.104del (p.Pro35fs),reviewed by expert panel,deletion,LOF,ok,3.602212046373437e-06,5.0,1388036.0,1.314060446780552e-05,2.0,152200.0
17:7221679:T:C,17-7221679-T-C,ACADVL,VCV000551588,551588,NM_000018.4(ACADVL):c.619T>C (p.Ser207Pro),reviewed by expert panel,SNV,missense,ok,4.105455466071832e-06,6.0,1461470.0,,,
17:7225052:G:C,17-7225052-G-C,ACADVL,VCV000553283,553283,NM_000018.4(ACADVL):c.1923G>C (p.Leu641Phe),"criteria provided, multiple submitters, no conflicts",SNV,missense,ok,7.524917738967444e-06,11.0,1461810.0,,,
17:7224478:A:C,17-7224478-A-C,ACADVL,VCV000555350,555350,NM_000018.4(ACADVL):c.1606-2A>C,no assertion criteria provided,SNV,LOF,no_gnomad_record,,,,,,
17:7223859:G:GT,17-7223859-G-GT,ACADVL,VCV000595610,595610,NM_000018.4(ACADVL):c.1317dup (p.Met440fs),reviewed by expert panel,duplication,LOF,ok,6.84079687074588e-07,1.0,1461818.0,,,
17:7220463:G:T,17-7220463-G-T,ACADVL,VCV000646698,646698,NM_000018.4(ACADVL):c.139-1G>T,"criteria provided, multiple submitters, no conflicts",SNV,LOF,ok,6.840562896239606e-07,1.0,1461868.0,,,
17:7221611:TC:T,17-7221611-TC-T,ACADVL,VCV000650581,650581,NM_000018.4(ACADVL):c.552del (p.Ile184fs),reviewed by expert panel,deletion,LOF,no_gnomad_record,,,,,,
17:7224002:G:GC,17-7224002-G-GC,ACADVL,VCV000661308,661308,NM_000018.4(ACADVL):c.1368dup (p.Ile457fs),reviewed by expert panel,duplication,LOF,ok,7.524660364193561e-06,11.0,1461860.0,6.58735491350803e-06,1.0,151806.0
17:7221580:G:A,17-7221580-G-A,ACADVL,VCV000092286,92286,NM_000018.4(ACADVL):c.520G>A (p.Val174Met),"criteria provided, multiple submitters, no conflicts",SNV,missense,ok,6.498748135885403e-05,95.0,1461820.0,9.19636874811146e-05,14.0,152234.0
17:7224804:GCCAGGGC:G,17-7224804-GCCAGGGC-G,ACADVL,VCV000932835,932835,NM_000018.4(ACADVL):c.1752-3_1755del,reviewed by expert panel,deletion,splice_or_intronic,no_gnomad_record,,,,,,
17:7222825:CG:C,17-7222825-CG-C,ACADVL,VCV000932848,932848,NM_000018.4(ACADVL):c.1039del (p.Ala347fs),reviewed by expert panel,deletion,LOF,ok,6.844149142222788e-07,1.0,1461102.0,,,
17:7224043:CT:C,17-7224043-CT-C,ACADVL,VCV000938242,938242,NM_000018.4(ACADVL):c.1409del (p.Leu470fs),reviewed by expert panel,deletion,LOF,no_gnomad_record,,,,,,
17:7220997:T:TG,17-7220997-T-TG,ACADVL,VCV000951288,951288,NM_000018.4(ACADVL):c.421dup (p.Ala141fs),reviewed by expert panel,duplication,LOF,ok,6.840909184194216e-07,1.0,1461794.0,,,
17:7224513:G:A,17-7224513-G-A,ACADVL,VCV000971019,971019,NM_000018.4(ACADVL):c.1639G>A (p.Val547Met),"criteria provided, single submitter",SNV,missense,no_gnomad_record,,,,,,
7:66087761:A:G,7-66087761-A-G,ASL,VCV001465183,1465183,NM_000048.4(ASL):c.688A>G (p.Met230Val),"criteria provided, multiple submitters, no conflicts",SNV,missense,ok,6.293317864540438e-05,92.0,1461868.0,5.253894449260514e-05,8.0,152268.0
7:66081824:C:T,7-66081824-C-T,ASL,VCV001518921,1518921,NM_000048.4(ASL):c.34C>T (p.Arg12Trp),"criteria provided, single submitter",SNV,missense,ok,4.789763590954189e-06,7.0,1461450.0,6.576264944562087e-06,1.0,152062.0
7:66086788:T:TGCGGAA,7-66086788-T-TGCGGAA,ASL,VCV000224974,224974,NM_000048.4(ASL):c.575_580dup (p.Lys192_Arg193dup),"criteria provided, single submitter",duplication,other_or_unresolved,no_gnomad_record,,,,,,
7:66087796:G:A,7-66087796-G-A,ASL,VCV000224975,224975,NM_000048.4(ASL):c.718+5G>A,"criteria provided, multiple submitters, no conflicts",SNV,splice_or_intronic,no_gnomad_record,,,,,,
7:66083164:C:G,7-66083164-C-G,ASL,VCV002577248,2577248,NM_000048.4(ASL):c.436C>G (p.Arg146Gly),"criteria provided, single submitter",SNV,missense,no_gnomad_record,,,,,,
7:66087347:G:A,7-66087347-G-A,ASL,VCV002762630,2762630,NM_000048.4(ASL):c.616G>A (p.Gly206Ser),"criteria provided, single submitter",SNV,missense,ok,3.4394850127880055e-06,5.0,1453706.0,,,
7:66086743:G:A,7-66086743-G-A,ASL,VCV003240449,3240449,NM_000048.4(ASL):c.525-1G>A,"criteria provided, single submitter",SNV,LOF,no_gnomad_record,,,,,,
7:66087727:A:T,7-66087727-A-T,ASL,VCV003240483,3240483,NM_000048.4(ASL):c.656-2A>T,"criteria provided, single submitter",SNV,LOF,no_gnomad_record,,,,,,
7:66092567:G:A,7-66092567-G-A,ASL,VCV000552287,552287,NM_000048.4(ASL):c.1154G>A (p.Arg385His),"criteria provided, multiple submitters, no conflicts",SNV,missense,ok,1.5098669807189986e-05,22.0,1457082.0,,,
7:66092615:AG:A,7-66092615-AG-A,ASL,VCV000552410,552410,NM_000048.4(ASL):c.1207del (p.Val403fs),"criteria provided, multiple submitters, no conflicts",deletion,LOF,ok,2.0533262516392388e-06,3.0,1461044.0,,,
7:66082880:G:T,7-66082880-G-T,ASL,VCV000553428,553428,NM_000048.4(ASL):c.292G>T (p.Glu98Ter),"criteria provided, single submitter",SNV,LOF,ok,6.157980948575385e-06,9.0,1461518.0,,,
7:66089147:G:A,7-66089147-G-A,ASL,VCV000554299,554299,NM_000048.4(ASL):c.890G>A (p.Arg297Gln),"criteria provided, multiple submitters, no conflicts",SNV,missense,ok,6.157239476935665e-06,9.0,1461694.0,,,
7:66087780:G:A,7-66087780-G-A,ASL,VCV000555574,555574,NM_000048.4(ASL):c.707G>A (p.Arg236Gln),"criteria provided, multiple submitters, no conflicts",SNV,missense,ok,1.0944990477858284e-05,16.0,1461856.0,1.3135253707425359e-05,2.0,152262.0
7:66083105:G:A,7-66083105-G-A,ASL,VCV000556429,556429,NM_000048.4(ASL):c.377G>A (p.Arg126Gln),"criteria provided, multiple submitters, no conflicts",SNV,missense,ok,1.436834694221051e-05,21.0,1461546.0,1.9707281183487928e-05,3.0,152228.0
7:66089327:GACTT:G,7-66089327-GACTT-G,ASL,VCV000557445,557445,NM_000048.4(ASL):c.973_976del (p.Leu325fs),"criteria provided, multiple submitters, no conflicts",deletion,LOF,ok,9.623633444050945e-06,14.0,1454752.0,1.3143886121370644e-05,2.0,152162.0
7:66089275:G:A,7-66089275-G-A,ASL,VCV000841994,841994,NM_000048.4(ASL):c.919-1G>A,"criteria provided, single submitter",SNV,LOF,no_gnomad_record,,,,,,
7:66087386:G:C,7-66087386-G-C,ASL,VCV000842417,842417,NM_000048.4(ASL):c.655G>C (p.Glu219Gln),"criteria provided, multiple submitters, no conflicts",SNV,missense,ok,1.3745269908992568e-06,2.0,1455046.0,6.579813133307014e-06,1.0,151980.0
9:130476882:TC:T,9-130476882-TC-T,ASS1,VCV001400634,1400634,NM_054012.4(ASS1):c.611del (p.Pro204fs),"criteria provided, single submitter",deletion,LOF,no_gnomad_record,,,,,,
9:130466797:A:T,9-130466797-A-T,ASS1,VCV001724383,1724383,NM_054012.4(ASS1):c.493A>T (p.Lys165Ter),"criteria provided, single submitter",SNV,LOF,no_gnomad_record,,,,,,
9:130466752:TTC:T,9-130466752-TTC-T,ASS1,VCV000189044,189044,NM_054012.4(ASS1):c.450_451del (p.Phe150fs),"criteria provided, multiple submitters, no conflicts",deletion,LOF,ok,1.3681706054018111e-06,2.0,1461806.0,,,
9:130476954:C:CA,9-130476954-C-CA,ASS1,VCV002034705,2034705,NM_054012.4(ASS1):c.687dup (p.Gly230fs),"criteria provided, single submitter",duplication,LOF,no_gnomad_record,,,,,,
9:130466767:A:T,9-130466767-A-T,ASS1,VCV002061871,2061871,NM_054012.4(ASS1):c.463A>T (p.Lys155Ter),"criteria provided, single submitter",SNV,LOF,no_gnomad_record,,,,,,
9:130489469:G:A,9-130489469-G-A,ASS1,VCV000265962,265962,NM_054012.4(ASS1):c.970+5G>A,"criteria provided, multiple submitters, no conflicts",SNV,splice_or_intronic,ok,1.6417957414554794e-05,24.0,1461814.0,1.314768797906888e-05,2.0,152118.0
9:130458495:G:A,9-130458495-G-A,ASS1,VCV002679051,2679051,NM_054012.4(ASS1):c.269G>A (p.Gly90Asp),"criteria provided, single submitter",SNV,missense,ok,3.4235413659656167e-06,5.0,1460476.0,6.570733950982325e-06,1.0,152190.0
9:130458524:CG:C,9-130458524-CG-C,ASS1,VCV002679072,2679072,NM_054012.4(ASS1):c.299del (p.Arg100fs),"criteria provided, single submitter",deletion,LOF,ok,6.844992408903418e-07,1.0,1460922.0,,,
9:130452285:C:A,9-130452285-C-A,ASS1,VCV002744961,2744961,NM_054012.4(ASS1):c.57C>A (p.Cys19Ter),"criteria provided, single submitter",SNV,LOF,ok,6.840516103258959e-07,1.0,1461878.0,,,
9:130489404:C:T,9-130489404-C-T,ASS1,VCV000006330,6330,NM_054012.4(ASS1):c.910C>T (p.Arg304Trp),"criteria provided, multiple submitters, no conflicts",SNV,missense,ok,1.6417418333604677e-05,24.0,1461862.0,1.9726719183576848e-05,3.0,152078.0
9:130480447:G:A,9-130480447-G-A,ASS1,VCV000092375,92375,NM_054012.4(ASS1):c.836G>A (p.Arg279Gln),"criteria provided, multiple submitters, no conflicts",SNV,missense,ok,6.1573658515226486e-06,9.0,1461664.0,1.9706504460238844e-05,3.0,152234.0
9:130458582:C:T,9-130458582-C-T,ASS1,VCV000939977,939977,NM_054012.4(ASS1):c.356C>T (p.Thr119Ile),"criteria provided, multiple submitters, no conflicts",SNV,missense,ok,6.848142441362781e-07,1.0,1460250.0,,,
3:15645018:G:GT,3-15645018-G-GT,BTD,VCV001325380,1325380,NM_001370658.1(BTD):c.1103dup (p.Asn369fs),"criteria provided, single submitter",duplication,LOF,no_gnomad_record,,,,,,
3:15645187:A:G,3-15645187-A-G,BTD,VCV001358756,1358756,NM_001370658.1(BTD):c.1271A>G (p.Asp424Gly),"criteria provided, single submitter",SNV,missense,ok,6.840506744739651e-07,1.0,1461880.0,,,
3:15644865:GT:G,3-15644865-GT-G,BTD,VCV001453530,1453530,NM_001370658.1(BTD):c.950del (p.Val317fs),"criteria provided, single submitter",deletion,LOF,no_gnomad_record,,,,,,
3:15635571:G:GCATC,3-15635571-G-GCATC,BTD,VCV000189072,189072,NM_001370658.1(BTD):c.142_145dup (p.Leu49fs),"criteria provided, multiple submitters, no conflicts",Microsatellite,LOF,ok,6.156405534745385e-06,9.0,1461892.0,,,
3:15645451:C:T,3-15645451-C-T,BTD,VCV000001897,1897,NM_001370658.1(BTD):c.1535C>T (p.Thr512Met),"criteria provided, multiple submitters, no conflicts",SNV,missense,ok,0.00011715731143839033,171.0,1459576.0,9.850275807722617e-05,15.0,152280.0
3:15645006:A:AC,3-15645006-A-AC,BTD,VCV002012754,2012754,NM_001370658.1(BTD):c.1092dup (p.Lys365fs),"criteria provided, single submitter",duplication,LOF,no_gnomad_record,,,,,,
3:15641932:G:C,3-15641932-G-C,BTD,VCV000024997,24997,NM_001370658.1(BTD):c.274G>C (p.Glu92Gln),"criteria provided, multiple submitters, no conflicts",SNV,missense,ok,4.791186407267271e-06,7.0,1461016.0,,,
3:15644322:C:T,3-15644322-C-T,BTD,VCV000025011,25011,NM_001370658.1(BTD):c.406C>T (p.Gln136Ter),"criteria provided, multiple submitters, no conflicts",SNV,LOF,no_gnomad_record,,,,,,
3:15644613:C:T,3-15644613-C-T,BTD,VCV000025039,25039,NM_001370658.1(BTD):c.697C>T (p.Pro233Ser),"criteria provided, multiple submitters, no conflicts",SNV,missense,ok,6.840450594161539e-07,1.0,1461892.0,6.574708411681942e-06,1.0,152098.0
3:15645108:T:C,3-15645108-T-C,BTD,VCV000025069,25069,NM_001370658.1(BTD):c.1192T>C (p.Cys398Arg),"criteria provided, multiple submitters, no conflicts",SNV,missense,ok,6.840506744739651e-07,1.0,1461880.0,,,
3:15645244:G:A,3-15645244-G-A,BTD,VCV000025087,25087,NM_001370658.1(BTD):c.1328G>A (p.Cys443Tyr),"criteria provided, single submitter",SNV,missense,ok,2.0521688688718817e-06,3.0,1461868.0,,,
3:15635498:T:C,3-15635498-T-C,BTD,VCV002691456,2691456,NM_001370658.1(BTD):c.59T>C (p.Leu20Pro),"criteria provided, multiple submitters, no conflicts",SNV,missense,ok,6.840469310918484e-07,1.0,1461888.0,,,
3:15644345:CAG:C,3-15644345-CAG-C,BTD,VCV003068254,3068254,NM_001370658.1(BTD):c.430_431del (p.Arg144fs),"criteria provided, single submitter",deletion,LOF,no_gnomad_record,,,,,,
3:15645013:G:A,3-15645013-G-A,BTD,VCV003240985,3240985,NM_001370658.1(BTD):c.1097G>A (p.Trp366Ter),"criteria provided, single submitter",SNV,LOF,no_gnomad_record,,,,,,
3:15635442:G:A,3-15635442-G-A,BTD,VCV003588701,3588701,NM_001370658.1(BTD):c.3G>A (p.Met1Ile),"criteria provided, single submitter",SNV,missense,ok,1.0260675891242307e-05,15.0,1461892.0,1.9707799033003994e-05,3.0,152224.0
3:15635485:T:TA,3-15635485-T-TA,BTD,VCV000370847,370847,NM_001370658.1(BTD):c.47dup (p.Tyr16Ter),"criteria provided, single submitter",duplication,LOF,no_gnomad_record,,,,,,
3:15601893:AG:A,3-15601893-AG-A,BTD,VCV000371236,371236,NM_001370658.1(BTD):c.-17+1del,no assertion criteria provided,deletion,other_or_unresolved,no_gnomad_record,,,,,,
3:15645024:G:GCT,3-15645024-G-GCT,BTD,VCV000371418,371418,NM_001370658.1(BTD):c.1110_1111dup (p.Pro371fs),no assertion criteria provided,duplication,LOF,no_gnomad_record,,,,,,
3:15644416:C:T,3-15644416-C-T,BTD,VCV004281583,4281583,NM_001370658.1(BTD):c.500C>T (p.Pro167Leu),"criteria provided, single submitter",SNV,missense,ok,2.7361802376646154e-06,4.0,1461892.0,,,
3:15635683:CA:C,3-15635683-CA-C,BTD,VCV000439451,439451,NM_001370658.1(BTD):c.248del (p.Lys83fs),"criteria provided, single submitter",deletion,LOF,no_gnomad_record,,,,,,
3:15644382:A:G,3-15644382-A-G,BTD,VCV004701450,4701450,NM_001370658.1(BTD):c.466A>G (p.Lys156Glu),"criteria provided, single submitter",SNV,missense,ok,1.368088247164295e-06,2.0,1461894.0,,,
3:15644442:AC:A,3-15644442-AC-A,BTD,VCV000528478,528478,NM_001370658.1(BTD):c.527del (p.Thr176fs),"criteria provided, multiple submitters, no conflicts",deletion,LOF,no_gnomad_record,,,,,,
3:15645303:G:T,3-15645303-G-T,BTD,VCV000617999,617999,NM_001370658.1(BTD):c.1387G>T (p.Glu463Ter),"criteria provided, multiple submitters, no conflicts",SNV,LOF,no_gnomad_record,,,,,,
17:80104867:CT:C,17-80104867-CT-C,GAA,VCV001073996,1073996,NM_000152.5(GAA):c.282del (p.Asp95fs),"criteria provided, multiple submitters, no conflicts",deletion,LOF,no_gnomad_record,,,,,,
17:80104782:CG:C,17-80104782-CG-C,GAA,VCV001074160,1074160,NM_000152.5(GAA):c.199del (p.Asp67fs),"criteria provided, single submitter",deletion,LOF,no_gnomad_record,,,,,,
17:80110725:A:C,17-80110725-A-C,GAA,VCV001322957,1322957,NM_000152.5(GAA):c.1438-2A>C,reviewed by expert panel,SNV,LOF,no_gnomad_record,,,,,,
17:80117734:C:G,17-80117734-C-G,GAA,VCV001322962,1322962,NM_000152.5(GAA):c.2466C>G (p.Tyr822Ter),"criteria provided, single submitter",SNV,LOF,no_gnomad_record,,,,,,
17:80107818:G:C,17-80107818-G-C,GAA,VCV001324438,1324438,NM_000152.5(GAA):c.877G>C (p.Gly293Arg),"criteria provided, multiple submitters, no conflicts",SNV,missense,no_gnomad_record,,,,,,
17:80108390:GC:G,17-80108390-GC-G,GAA,VCV001327499,1327499,NM_000152.5(GAA):c.1057del (p.Gln353fs),reviewed by expert panel,deletion,LOF,no_gnomad_record,,,,,,
17:80104947:C:T,17-80104947-C-T,GAA,VCV001369778,1369778,NM_000152.5(GAA):c.361C>T (p.Gln121Ter),"criteria provided, multiple submitters, no conflicts",SNV,LOF,ok,1.3697598126168576e-06,2.0,1460110.0,,,
17:80105856:C:CG,17-80105856-C-CG,GAA,VCV001409499,1409499,NM_000152.5(GAA):c.658dup (p.Val220fs),"criteria provided, single submitter",duplication,LOF,no_gnomad_record,,,,,,
17:80110946:G:A,17-80110946-G-A,GAA,VCV001415612,1415612,NM_000152.5(GAA):c.1557G>A (p.Met519Ile),"criteria provided, multiple submitters, no conflicts",SNV,missense,no_gnomad_record,,,,,,
17:80105748:G:C,17-80105748-G-C,GAA,VCV001431937,1431937,NM_000152.5(GAA):c.547-1G>C,"criteria provided, single submitter",SNV,LOF,no_gnomad_record,,,,,,
17:80108502:GC:G,17-80108502-GC-G,GAA,VCV001451590,1451590,NM_000152.5(GAA):c.1091del (p.Pro364fs),"criteria provided, single submitter",deletion,LOF,no_gnomad_record,,,,,,
17:80104894:G:A,17-80104894-G-A,GAA,VCV001502634,1502634,NM_000152.5(GAA):c.308G>A (p.Cys103Tyr),"criteria provided, single submitter",SNV,missense,no_gnomad_record,,,,,,
17:80112102:T:G,17-80112102-T-G,GAA,VCV001687091,1687091,NM_000152.5(GAA):c.1754+2T>G,reviewed by expert panel,SNV,LOF,no_gnomad_record,,,,,,
17:80110786:G:A,17-80110786-G-A,GAA,VCV001711447,1711447,NM_000152.5(GAA):c.1497G>A (p.Trp499Ter),reviewed by expert panel,SNV,LOF,no_gnomad_record,,,,,,
17:80117097:C:A,17-80117097-C-A,GAA,VCV001725018,1725018,NM_000152.5(GAA):c.2319C>A (p.Tyr773Ter),"criteria provided, single submitter",SNV,LOF,no_gnomad_record,,,,,,
17:80107837:T:C,17-80107837-T-C,GAA,VCV000180144,180144,NM_000152.5(GAA):c.896T>C (p.Leu299Pro),reviewed by expert panel,SNV,missense,ok,4.109679116254603e-06,6.0,1459968.0,,,
17:80117669:GA:G,17-80117669-GA-G,GAA,VCV001810237,1810237,NM_000152.5(GAA):c.2402del (p.Glu801fs),"criteria provided, single submitter",deletion,LOF,no_gnomad_record,,,,,,
17:80104587:A:G,17-80104587-A-G,GAA,VCV000188785,188785,NM_000152.5(GAA):c.1A>G (p.Met1Val),reviewed by expert panel,SNV,missense,ok,6.860442141775153e-07,1.0,1457632.0,6.576005471236552e-06,1.0,152068.0
17:80105771:G:A,17-80105771-G-A,GAA,VCV000188809,188809,NM_000152.5(GAA):c.569G>A (p.Arg190His),"criteria provided, multiple submitters, no conflicts",SNV,missense,ok,1.6438693945766008e-05,24.0,1459970.0,1.9711683772027807e-05,3.0,152194.0
17:80112920:G:C,17-80112920-G-C,GAA,VCV000189013,189013,NM_000152.5(GAA):c.1933G>C (p.Asp645His),"criteria provided, multiple submitters, no conflicts",SNV,missense,no_gnomad_record,,,,,,
17:80107555:A:C,17-80107555-A-C,GAA,VCV002099113,2099113,NM_000152.5(GAA):c.693-2A>C,"criteria provided, single submitter",SNV,LOF,no_gnomad_record,,,,,,
17:80118330:C:G,17-80118330-C-G,GAA,VCV002419147,2419147,NM_000152.5(GAA):c.2619C>G (p.Tyr873Ter),"criteria provided, single submitter",SNV,LOF,ok,0.0,0.0,1420948.0,,,
17:80104972:TC:T,17-80104972-TC-T,GAA,VCV002675757,2675757,NM_000152.5(GAA):c.389del (p.Pro130fs),"criteria provided, single submitter",deletion,LOF,no_gnomad_record,,,,,,
17:80117739:TC:T,17-80117739-TC-T,GAA,VCV002675778,2675778,NM_000152.5(GAA):c.2476del (p.Leu826fs),"criteria provided, single submitter",deletion,LOF,no_gnomad_record,,,,,,
17:80104852:G:T,17-80104852-G-T,GAA,VCV002754338,2754338,NM_000152.5(GAA):c.266G>T (p.Arg89Leu),"criteria provided, single submitter",SNV,missense,no_gnomad_record,,,,,,
17:80109972:GCCGGGAGCTA:G,17-80109972-GCCGGGAGCTA-G,GAA,VCV002757226,2757226,NM_000152.5(GAA):c.1356_1365del (p.Ser454fs),"criteria provided, single submitter",deletion,LOF,no_gnomad_record,,,,,,
17:80107799:G:C,17-80107799-G-C,GAA,VCV002764469,2764469,NM_000152.5(GAA):c.859-1G>C,"criteria provided, multiple submitters, no conflicts",SNV,LOF,no_gnomad_record,,,,,,
17:80113286:C:G,17-80113286-C-G,GAA,VCV002769971,2769971,NM_000152.5(GAA):c.2109C>G (p.Tyr703Ter),"criteria provided, multiple submitters, no conflicts",SNV,LOF,no_gnomad_record,,,,,,
17:80107719:CA:C,17-80107719-CA-C,GAA,VCV002850233,2850233,NM_000152.5(GAA):c.856del (p.Thr286fs),"criteria provided, single submitter",deletion,LOF,no_gnomad_record,,,,,,
17:80110736:G:A,17-80110736-G-A,GAA,VCV000285157,285157,NM_000152.5(GAA):c.1447G>A (p.Gly483Arg),reviewed by expert panel,SNV,missense,ok,8.894094594853467e-06,13.0,1461644.0,6.5726341803267915e-06,1.0,152146.0
17:80118809:A:G,17-80118809-A-G,GAA,VCV000286228,286228,NM_000152.5(GAA):c.2799+4A>G,reviewed by expert panel,SNV,splice_or_intronic,ok,1.4377357715506323e-05,21.0,1460630.0,2.6285699265314706e-05,4.0,152174.0
17:80112622:G:A,17-80112622-G-A,GAA,VCV000370130,370130,NM_000152.5(GAA):c.1799G>A (p.Arg600His),reviewed by expert panel,SNV,missense,ok,9.584590169770477e-06,14.0,1460678.0,,,
17:80118710:C:T,17-80118710-C-T,GAA,VCV000370241,370241,NM_000152.5(GAA):c.2704C>T (p.Gln902Ter),reviewed by expert panel,SNV,LOF,no_gnomad_record,,,,,,
17:80113360:TC:T,17-80113360-TC-T,GAA,VCV000370552,370552,NM_000152.5(GAA):c.2185del (p.Leu729fs),reviewed by expert panel,deletion,LOF,no_gnomad_record,,,,,,
17:80112644:C:CCGATA,17-80112644-C-CCGATA,GAA,VCV000370866,370866,NM_000152.5(GAA):c.1824_1828dup (p.Ala610fs),reviewed by expert panel,duplication,LOF,no_gnomad_record,,,,,,
17:80107568:CG:C,17-80107568-CG-C,GAA,VCV003777360,3777360,NM_000152.5(GAA):c.706del (p.Val236fs),"criteria provided, multiple submitters, no conflicts",deletion,LOF,no_gnomad_record,,,,,,
17:80110767:C:T,17-80110767-C-T,GAA,VCV000379593,379593,NM_000152.5(GAA):c.1478C>T (p.Pro493Leu),reviewed by expert panel,SNV,missense,ok,1.0261012803007708e-05,15.0,1461844.0,3.285453326850039e-05,5.0,152186.0
17:80109988:C:A,17-80109988-C-A,GAA,VCV003895928,3895928,NM_000152.5(GAA):c.1370C>A (p.Pro457His),"criteria provided, single submitter",SNV,missense,no_gnomad_record,,,,,,
17:80110974:TC:GT,17-80110974-TC-GT,GAA,VCV000004026,4026,NM_000152.5(GAA):c.1585_1586delinsGT (p.Ser529Val),reviewed by expert panel,indel,missense,no_gnomad_record,,,,,,
17:80113228:C:G,17-80113228-C-G,GAA,VCV004081687,4081687,NM_000152.5(GAA):c.2051C>G (p.Pro684Arg),"criteria provided, single submitter",SNV,missense,ok,,,,6.5688348200796145e-06,1.0,152234.0
17:80113282:G:A,17-80113282-G-A,GAA,VCV000426278,426278,NM_000152.5(GAA):c.2105G>A (p.Arg702His),reviewed by expert panel,SNV,missense,ok,2.4860848307390576e-05,36.0,1448060.0,1.3145095564844756e-05,2.0,152148.0
17:80112643:G:T,17-80112643-G-T,GAA,VCV004705006,4705006,NM_000152.5(GAA):c.1820G>T (p.Gly607Val),"criteria provided, single submitter",SNV,missense,no_gnomad_record,,,,,,
17:80110827:A:C,17-80110827-A-C,GAA,VCV004800916,4800916,NM_000152.5(GAA):c.1538A>C (p.Asp513Ala),"criteria provided, single submitter",SNV,missense,no_gnomad_record,,,,,,
17:80112101:G:T,17-80112101-G-T,GAA,VCV004817583,4817583,NM_000152.5(GAA):c.1754+1G>T,"criteria provided, single submitter",SNV,LOF,no_gnomad_record,,,,,,
17:80117099:AC:A,17-80117099-AC-A,GAA,VCV004817589,4817589,NM_000152.5(GAA):c.2323del (p.Leu775fs),"criteria provided, single submitter",deletion,LOF,no_gnomad_record,,,,,,
17:80118352:AG:A,17-80118352-AG-A,GAA,VCV004817590,4817590,NM_000152.5(GAA):c.2643del (p.Asn882fs),"criteria provided, single submitter",deletion,LOF,no_gnomad_record,,,,,,
17:80107565:C:A,17-80107565-C-A,GAA,VCV004817596,4817596,NM_000152.5(GAA):c.701C>A (p.Thr234Lys),"criteria provided, single submitter",SNV,missense,no_gnomad_record,,,,,,
17:80108563:AC:A,17-80108563-AC-A,GAA,VCV000501294,501294,NM_000152.5(GAA):c.1153del (p.Arg385fs),reviewed by expert panel,deletion,LOF,no_gnomad_record,,,,,,
17:80113026:TG:T,17-80113026-TG-T,GAA,VCV000550119,550119,NM_000152.5(GAA):c.2040+1del,no assertion criteria provided,deletion,splice_or_intronic,no_gnomad_record,,,,,,
17:80108488:G:A,17-80108488-G-A,GAA,VCV000551193,551193,NM_000152.5(GAA):c.1076-1G>A,no assertion criteria provided,SNV,LOF,ok,6.845432864101728e-07,1.0,1460828.0,,,
17:80105042:GACCCGT:G,17-80105042-GACCCGT-G,GAA,VCV000551306,551306,NM_000152.5(GAA):c.460_465del (p.Arg154_Thr155del),reviewed by expert panel,deletion,other_or_unresolved,no_gnomad_record,,,,,,
17:80117675:C:T,17-80117675-C-T,GAA,VCV000552368,552368,NM_000152.5(GAA):c.2407C>T (p.Gln803Ter),reviewed by expert panel,SNV,LOF,ok,2.054209211621894e-06,3.0,1460416.0,1.9709611720649105e-05,3.0,152210.0
17:80117092:T:C,17-80117092-T-C,GAA,VCV000552527,552527,NM_000152.5(GAA):c.2314T>C (p.Trp772Arg),reviewed by expert panel,SNV,missense,no_gnomad_record,,,,,,
17:80110841:G:T,17-80110841-G-T,GAA,VCV000555986,555986,NM_000152.5(GAA):c.1551+1G>T,reviewed by expert panel,SNV,LOF,ok,1.0261686692918342e-05,15.0,1461748.0,,,
17:80107660:C:T,17-80107660-C-T,GAA,VCV000556117,556117,NM_000152.5(GAA):c.796C>T (p.Pro266Ser),reviewed by expert panel,SNV,missense,ok,3.4228429585959222e-06,5.0,1460774.0,,,
17:80112882:T:G,17-80112882-T-G,GAA,VCV000637961,637961,NM_000152.5(GAA):c.1895T>G (p.Leu632Arg),no assertion criteria provided,SNV,missense,no_gnomad_record,,,,,,
17:80108606:T:C,17-80108606-T-C,GAA,VCV000694452,694452,NM_000152.5(GAA):c.1193T>C (p.Leu398Pro),"criteria provided, multiple submitters, no conflicts",SNV,missense,no_gnomad_record,,,,,,
17:80104893:T:C,17-80104893-T-C,GAA,VCV000928929,928929,NM_000152.5(GAA):c.307T>C (p.Cys103Arg),"criteria provided, single submitter",SNV,missense,ok,6.847063978965819e-07,1.0,1460480.0,,,
17:80112062:C:G,17-80112062-C-G,GAA,VCV000929167,929167,NM_000152.5(GAA):c.1716C>G (p.His572Gln),reviewed by expert panel,SNV,missense,ok,2.052354187076189e-06,3.0,1461736.0,,,
17:80113344:GTGGCCCGGCCCC:TGCGACGTGG,17-80113344-GTGGCCCGGCCCC-TGCGACGTGG,GAA,VCV000932897,932897,NM_000152.5(GAA):c.2167_2179delinsTGCGACGTGG (p.Val723_Leu727delinsCysAspValVal),reviewed by expert panel,indel,other_or_unresolved,no_gnomad_record,,,,,,
17:80110044:CTGA:GTTGG,17-80110044-CTGA-GTTGG,GAA,VCV000968214,968214,NM_000152.5(GAA):c.1426_1429delinsGTTGG (p.Leu476fs),"criteria provided, multiple submitters, no conflicts",indel,LOF,no_gnomad_record,,,,,,
17:80110729:AT:A,17-80110729-AT-A,GAA,VCV000972761,972761,NM_000152.5(GAA):c.1441del (p.Trp481fs),"criteria provided, multiple submitters, no conflicts",deletion,LOF,ok,6.842968917866581e-07,1.0,1461354.0,1.315010848839503e-05,2.0,152090.0
17:80104553:A:G,17-80104553-A-G,GAA,VCV000972817,972817,NM_000152.5(GAA):c.-32-2A>G,"criteria provided, multiple submitters, no conflicts",SNV,other_or_unresolved,ok,6.990875509285281e-07,1.0,1430436.0,,,
17:80113307:C:A,17-80113307-C-A,GAA,VCV000983722,983722,NM_000152.5(GAA):c.2130C>A (p.Tyr710Ter),"criteria provided, single submitter",SNV,LOF,ok,0.0,0.0,1446868.0,,,
9:34648339:GGCCAGCAGTTTCCT:G,9-34648339-GGCCAGCAGTTTCCT-G,GALT,VCV001378874,1378874,NM_000155.4(GALT):c.576_589del (p.Ser192fs),"criteria provided, multiple submitters, no conflicts",deletion,LOF,ok,1.368108835794105e-06,2.0,1461872.0,,,
9:34649071:G:A,9-34649071-G-A,GALT,VCV001458107,1458107,NM_000155.4(GALT):c.894G>A (p.Met298Ile),"criteria provided, multiple submitters, no conflicts",SNV,missense,ok,1.3681949404151103e-06,2.0,1461780.0,,,
9:34648394:T:G,9-34648394-T-G,GALT,VCV001501873,1501873,NM_000155.4(GALT):c.625T>G (p.Tyr209Asp),"criteria provided, single submitter",SNV,missense,no_gnomad_record,,,,,,
9:34646787:GT:G,9-34646787-GT-G,GALT,VCV000193055,193055,NM_000155.4(GALT):c.82+2del,"criteria provided, multiple submitters, no conflicts",deletion,splice_or_intronic,no_gnomad_record,,,,,,
9:34646720:AC:A,9-34646720-AC-A,GALT,VCV000025113,25113,NM_000155.4(GALT):c.18del (p.Asp7fs),"criteria provided, multiple submitters, no conflicts",deletion,LOF,ok,6.842538143728882e-07,1.0,1461446.0,,,
9:34647531:G:A,9-34647531-G-A,GALT,VCV000025148,25148,NM_000155.4(GALT):c.292G>A (p.Asp98Asn),"criteria provided, multiple submitters, no conflicts",SNV,missense,ok,7.456131950277861e-05,109.0,1461884.0,2.6298833646727768e-05,4.0,152098.0
9:34647906:T:C,9-34647906-T-C,GALT,VCV000025180,25180,NM_000155.4(GALT):c.452T>C (p.Val151Ala),"criteria provided, multiple submitters, no conflicts",SNV,missense,no_gnomad_record,,,,,,
9:34648420:GC:G,9-34648420-GC-G,GALT,VCV000025237,25237,NM_000155.4(GALT):c.652del (p.Leu217_Leu218insTer),"criteria provided, multiple submitters, no conflicts",deletion,LOF,ok,1.368108835794105e-06,2.0,1461872.0,,,
9:34649488:G:A,9-34649488-G-A,GALT,VCV000025309,25309,NM_000155.4(GALT):c.983G>A (p.Arg328His),"criteria provided, multiple submitters, no conflicts",SNV,missense,ok,8.208675475487527e-06,12.0,1461868.0,1.3145959589320222e-05,2.0,152138.0
9:34649562:C:T,9-34649562-C-T,GALT,VCV000025325,25325,NM_000155.4(GALT):c.1057C>T (p.Gln353Ter),"criteria provided, multiple submitters, no conflicts",SNV,LOF,ok,6.840609689860438e-07,1.0,1461858.0,,,
9:34650367:A:G,9-34650367-A-G,GALT,VCV002675823,2675823,NM_000155.4(GALT):c.1060-2A>G,"criteria provided, single submitter",SNV,LOF,no_gnomad_record,,,,,,
9:34648152:A:AC,9-34648152-A-AC,GALT,VCV002675834,2675834,NM_000155.4(GALT):c.550dup (p.His184fs),"criteria provided, single submitter",duplication,LOF,no_gnomad_record,,,,,,
9:34647836:G:A,9-34647836-G-A,GALT,VCV002683620,2683620,NM_000155.4(GALT):c.382G>A (p.Val128Ile),"criteria provided, multiple submitters, no conflicts",SNV,missense,no_gnomad_record,,,,,,
9:34647260:T:G,9-34647260-T-G,GALT,VCV002715081,2715081,NM_000155.4(GALT):c.252+2T>G,"criteria provided, single submitter",SNV,LOF,no_gnomad_record,,,,,,
9:34649485:T:C,9-34649485-T-C,GALT,VCV002735273,2735273,NM_000155.4(GALT):c.980T>C (p.Leu327Pro),"criteria provided, single submitter",SNV,missense,no_gnomad_record,,,,,,
9:34647840:T:C,9-34647840-T-C,GALT,VCV000037356,37356,NM_000155.4(GALT):c.386T>C (p.Met129Thr),"criteria provided, single submitter",SNV,missense,ok,6.840441235821475e-07,1.0,1461894.0,6.569956901082729e-06,1.0,152208.0
9:34649082:G:T,9-34649082-G-T,GALT,VCV000038554,38554,NM_000155.4(GALT):c.904+1G>T,"criteria provided, multiple submitters, no conflicts",SNV,LOF,ok,1.3683241176704008e-06,2.0,1461642.0,,,
9:34647164:G:A,9-34647164-G-A,GALT,VCV003902172,3902172,NM_000155.4(GALT):c.158G>A (p.Trp53Ter),"criteria provided, multiple submitters, no conflicts",SNV,LOF,no_gnomad_record,,,,,,
9:34647675:T:C,9-34647675-T-C,GALT,VCV004817627,4817627,NM_000155.4(GALT):c.347T>C (p.Leu116Pro),"criteria provided, single submitter",SNV,missense,no_gnomad_record,,,,,,
9:34648996:A:C,9-34648996-A-C,GALT,VCV004817644,4817644,NM_000155.4(GALT):c.821-2A>C,"criteria provided, single submitter",SNV,LOF,no_gnomad_record,,,,,,
9:34648117:C:CT,9-34648117-C-CT,GALT,VCV000553723,553723,NM_000155.4(GALT):c.513dup (p.Glu172Ter),no assertion criteria provided,duplication,LOF,no_gnomad_record,,,,,,
9:34647528:A:G,9-34647528-A-G,GALT,VCV000593326,593326,NM_000155.4(GALT):c.289A>G (p.Asn97Asp),"criteria provided, multiple submitters, no conflicts",SNV,missense,ok,1.3680976055555708e-06,2.0,1461884.0,,,
9:34648169:C:T,9-34648169-C-T,GALT,VCV000594854,594854,NM_000155.4(GALT):c.562C>T (p.Gln188Ter),"criteria provided, multiple submitters, no conflicts",SNV,LOF,ok,2.0521772917005847e-06,3.0,1461862.0,,,
9:34648439:C:T,9-34648439-C-T,GALT,VCV000983984,983984,NM_000155.4(GALT):c.670C>T (p.Gln224Ter),"criteria provided, single submitter",SNV,LOF,no_gnomad_record,,,,,,
1:23820509:C:T,1-23820509-C-T,HMGCL,VCV001067178,1067178,NM_000191.3(HMGCL):c.144+1G>A,"criteria provided, multiple submitters, no conflicts",SNV,LOF,ok,1.3712586920660342e-06,2.0,1458514.0,6.571165724799579e-06,1.0,152180.0
1:23820583:G:T,1-23820583-G-T,HMGCL,VCV001323059,1323059,NM_000191.3(HMGCL):c.71C>A (p.Ser24Ter),"criteria provided, single submitter",SNV,LOF,no_gnomad_record,,,,,,
1:23810796:G:T,1-23810796-G-T,HMGCL,VCV001397934,1397934,NM_000191.3(HMGCL):c.501C>A (p.Tyr167Ter),"criteria provided, multiple submitters, no conflicts",SNV,LOF,ok,1.3690772008942813e-06,2.0,1460838.0,,,
1:23814280:T:TTGGTGAAGAGCTC,1-23814280-T-TTGGTGAAGAGCTC,HMGCL,VCV002107245,2107245,NM_000191.3(HMGCL):c.394_406dup (p.Lys136fs),"criteria provided, single submitter",duplication,LOF,no_gnomad_record,,,,,,
1:23814202:A:AT,1-23814202-A-AT,HMGCL,VCV002848766,2848766,NM_000191.3(HMGCL):c.484dup (p.Ile162fs),"criteria provided, single submitter",duplication,LOF,no_gnomad_record,,,,,,
1:23802565:C:T,1-23802565-C-T,HMGCL,VCV004081706,4081706,NM_000191.3(HMGCL):c.877-1G>A,"criteria provided, single submitter",SNV,LOF,no_gnomad_record,,,,,,
1:23816737:G:A,1-23816737-G-A,HMGCL,VCV000557482,557482,NM_000191.3(HMGCL):c.286C>T (p.Gln96Ter),"criteria provided, multiple submitters, no conflicts",SNV,LOF,no_gnomad_record,,,,,,
8:19961024:G:A,8-19961024-G-A,LPL,VCV001070373,1070373,NM_000237.3(LPL):c.1263G>A (p.Trp421Ter),"criteria provided, single submitter",SNV,LOF,ok,6.84070327902271e-07,1.0,1461838.0,,,
8:19954142:CTT:C,8-19954142-CTT-C,LPL,VCV001401888,1401888,NM_000237.3(LPL):c.566_567del (p.Asn188_Phe189insTer),"criteria provided, multiple submitters, no conflicts",deletion,LOF,ok,6.840628407488026e-07,1.0,1461854.0,6.571511184712037e-06,1.0,152172.0
8:19954271:C:G,8-19954271-C-G,LPL,VCV000001528,1528,NM_000237.3(LPL):c.693C>G (p.Asp231Glu),no assertion criteria provided,SNV,missense,ok,6.840478669335365e-07,1.0,1461886.0,,,
8:19954319:AG:A,8-19954319-AG-A,LPL,VCV000001538,1538,NM_000237.3(LPL):c.742del (p.Ala248fs),no assertion criteria provided,deletion,LOF,ok,1.3681069640748791e-06,2.0,1461874.0,,,
8:19962126:G:A,8-19962126-G-A,LPL,VCV000001553,1553,NM_000237.3(LPL):c.1334G>A (p.Cys445Tyr),no assertion criteria provided,SNV,missense,no_gnomad_record,,,,,,
8:19955921:A:G,8-19955921-A-G,LPL,VCV002735131,2735131,NM_000237.3(LPL):c.856A>G (p.Ser286Gly),"criteria provided, multiple submitters, no conflicts",SNV,missense,ok,6.840497386245948e-07,1.0,1461882.0,,,
8:19960945:CAG:C,8-19960945-CAG-C,LPL,VCV002840731,2840731,NM_000237.3(LPL):c.1187_1188del (p.Glu396fs),"criteria provided, single submitter",Microsatellite,LOF,no_gnomad_record,,,,,,
8:19956054:T:C,8-19956054-T-C,LPL,VCV003894920,3894920,NM_000237.3(LPL):c.989T>C (p.Leu330Pro),"criteria provided, single submitter",SNV,missense,no_gnomad_record,,,,,,
8:19951882:C:A,8-19951882-C-A,LPL,VCV004070186,4070186,NM_000237.3(LPL):c.363C>A (p.Tyr121Ter),"criteria provided, single submitter",SNV,LOF,no_gnomad_record,,,,,,
8:19951830:C:CTTTT,8-19951830-C-CTTTT,LPL,VCV004086158,4086158,NM_000237.3(LPL):c.311_312insTTTT (p.Asp105fs),"criteria provided, single submitter",insertion,LOF,no_gnomad_record,,,,,,
8:19956010:T:A,8-19956010-T-A,LPL,VCV004541346,4541346,NM_000237.3(LPL):c.945T>A (p.Tyr315Ter),"criteria provided, single submitter",SNV,LOF,no_gnomad_record,,,,,,
8:19955860:GT:G,8-19955860-GT-G,LPL,VCV004817964,4817964,NM_000237.3(LPL):c.796del (p.Cys266fs),"criteria provided, single submitter",deletion,LOF,no_gnomad_record,,,,,,
8:19939481:G:A,8-19939481-G-A,LPL,VCV000643218,643218,NM_000237.3(LPL):c.41G>A (p.Trp14Ter),"criteria provided, single submitter",SNV,LOF,ok,6.855005662234677e-07,1.0,1458788.0,,,
1:45508913:G:GTACC,1-45508913-G-GTACC,MMACHC,VCV001076830,1076830,NM_015506.3(MMACHC):c.551_554dup (p.Arg186fs),"criteria provided, multiple submitters, no conflicts",duplication,LOF,ok,8.89258577241e-06,13.0,1461892.0,,,
1:45509012:TCAG:T,1-45509012-TCAG-T,MMACHC,VCV001451201,1451201,NM_015506.3(MMACHC):c.647_649del (p.Ser216_Glu217delinsTer),"criteria provided, single submitter",deletion,LOF,no_gnomad_record,,,,,,
1:45508870:GAT:G,1-45508870-GAT-G,MMACHC,VCV001452156,1452156,NM_015506.3(MMACHC):c.506_507del (p.Ile169fs),"criteria provided, multiple submitters, no conflicts",deletion,LOF,no_gnomad_record,,,,,,
1:45500399:GT:G,1-45500399-GT-G,MMACHC,VCV001724282,1724282,NM_015506.3(MMACHC):c.70del (p.Tyr24fs),"criteria provided, single submitter",deletion,LOF,no_gnomad_record,,,,,,
1:45500344:AGTCGCAGAGCT:A,1-45500344-AGTCGCAGAGCT-A,MMACHC,VCV002202756,2202756,NM_015506.3(MMACHC):c.14_24del (p.Val5fs),"criteria provided, single submitter",deletion,LOF,no_gnomad_record,,,,,,
1:45508284:GC:G,1-45508284-GC-G,MMACHC,VCV000439905,439905,NM_015506.3(MMACHC):c.352del (p.Gln118fs),"criteria provided, multiple submitters, no conflicts",deletion,LOF,ok,5.4724503169916845e-06,8.0,1461868.0,6.571683928289785e-06,1.0,152168.0
1:45508905:ATGACTGTG:A,1-45508905-ATGACTGTG-A,MMACHC,VCV000555592,555592,NM_015506.3(MMACHC):c.541_548del (p.Asp181fs),no assertion criteria provided,deletion,LOF,no_gnomad_record,,,,,,
1:45508219:C:CA,1-45508219-C-CA,MMACHC,VCV000557871,557871,NM_015506.3(MMACHC):c.285dup (p.Glu96fs),"criteria provided, multiple submitters, no conflicts",duplication,LOF,no_gnomad_record,,,,,,
1:45507451:T:TG,1-45507451-T-TG,MMACHC,VCV000813348,813348,NM_015506.3(MMACHC):c.178dup (p.Asp60fs),"criteria provided, multiple submitters, no conflicts",duplication,LOF,no_gnomad_record,,,,,,
12:102844389:C:A,12-102844389-C-A,PAH,VCV000102468,102468,NM_000277.3(PAH):c.1012G>T (p.Asp338Tyr),reviewed by expert panel,SNV,missense,ok,6.841761014551057e-06,10.0,1461612.0,,,
12:102844373:T:C,12-102844373-T-C,PAH,VCV000102477,102477,NM_000277.3(PAH):c.1028A>G (p.Tyr343Cys),"criteria provided, multiple submitters, no conflicts",SNV,missense,ok,1.3684832826082197e-06,2.0,1461472.0,,,
12:102844356:A:C,12-102844356-A-C,PAH,VCV000102490,102490,NM_000277.3(PAH):c.1045T>G (p.Ser349Ala),"criteria provided, multiple submitters, no conflicts",SNV,missense,no_gnomad_record,,,,,,
12:102843665:C:G,12-102843665-C-G,PAH,VCV000102545,102545,NM_000277.3(PAH):c.1180G>C (p.Asp394His),reviewed by expert panel,SNV,missense,ok,1.3683447134001998e-06,2.0,1461620.0,,,
12:102912834:T:A,12-102912834-T-A,PAH,VCV000102581,102581,NM_000277.3(PAH):c.125A>T (p.Lys42Ile),reviewed by expert panel,SNV,missense,no_gnomad_record,,,,,,
12:102917130:T:A,12-102917130-T-A,PAH,VCV000102626,102626,NM_000277.3(PAH):c.1A>T (p.Met1Leu),reviewed by expert panel,SNV,missense,no_gnomad_record,,,,,,
12:102894885:T:C,12-102894885-T-C,PAH,VCV000102627,102627,NM_000277.3(PAH):c.202A>G (p.Arg68Gly),reviewed by expert panel,SNV,missense,no_gnomad_record,,,,,,
12:102894782:A:G,12-102894782-A-G,PAH,VCV000102648,102648,NM_000277.3(PAH):c.305T>C (p.Ile102Thr),"criteria provided, multiple submitters, no conflicts",SNV,missense,ok,6.840675202005138e-07,1.0,1461844.0,,,
12:102894776:G:T,12-102894776-G-T,PAH,VCV000102650,102650,NM_000277.3(PAH):c.311C>A (p.Ala104Asp),reviewed by expert panel,SNV,missense,ok,4.241253440887872e-05,62.0,1461832.0,2.629433882885015e-05,4.0,152124.0
12:102877517:T:C,12-102877517-T-C,PAH,VCV000102661,102661,NM_000277.3(PAH):c.386A>G (p.Asp129Gly),reviewed by expert panel,SNV,missense,ok,2.7362363889341126e-06,4.0,1461862.0,6.572979794660111e-06,1.0,152138.0
12:102855309:T:A,12-102855309-T-A,PAH,VCV000102728,102728,NM_000277.3(PAH):c.533A>T (p.Glu178Val),reviewed by expert panel,SNV,missense,no_gnomad_record,,,,,,
12:102855230:A:C,12-102855230-A-C,PAH,VCV000102758,102758,NM_000277.3(PAH):c.612T>G (p.Tyr204Ter),reviewed by expert panel,SNV,LOF,ok,9.577312168385566e-06,14.0,1461788.0,,,
12:102855209:TG:T,12-102855209-TG-T,PAH,VCV000102767,102767,NM_000277.3(PAH):c.632del (p.Pro211fs),reviewed by expert panel,deletion,LOF,ok,1.3681331686100997e-06,2.0,1461846.0,,,
12:102852952:T:C,12-102852952-T-C,PAH,VCV000102794,102794,NM_000277.3(PAH):c.707-2A>G,reviewed by expert panel,SNV,LOF,no_gnomad_record,,,,,,
12:102852941:C:T,12-102852941-C-T,PAH,VCV000102798,102798,NM_000277.3(PAH):c.716G>A (p.Gly239Asp),reviewed by expert panel,SNV,missense,no_gnomad_record,,,,,,
12:102852858:G:C,12-102852858-G-C,PAH,VCV000102839,102839,NM_000277.3(PAH):c.799C>G (p.Gln267Glu),reviewed by expert panel,SNV,missense,no_gnomad_record,,,,,,
12:102852847:T:A,12-102852847-T-A,PAH,VCV000102847,102847,NM_000277.3(PAH):c.810A>T (p.Arg270Ser),"criteria provided, single submitter",SNV,missense,no_gnomad_record,,,,,,
12:102852830:A:C,12-102852830-A-C,PAH,VCV000102858,102858,NM_000277.3(PAH):c.827T>G (p.Met276Arg),reviewed by expert panel,SNV,missense,ok,,,,6.5714248163286764e-06,1.0,152174.0
12:102846924:G:T,12-102846924-G-T,PAH,VCV000102904,102904,NM_000277.3(PAH):c.940C>A (p.Pro314Thr),reviewed by expert panel,SNV,missense,ok,4.105432993175402e-06,6.0,1461478.0,,,
12:102846923:G:T,12-102846923-G-T,PAH,VCV000102907,102907,NM_000277.3(PAH):c.941C>A (p.Pro314His),reviewed by expert panel,SNV,missense,ok,3.421222252176924e-06,5.0,1461466.0,1.3146305230914851e-05,2.0,152134.0
12:102844411:C:G,12-102844411-C-G,PAH,VCV000102924,102924,NM_000277.3(PAH):c.990G>C (p.Glu330Asp),"criteria provided, multiple submitters, no conflicts",SNV,missense,no_gnomad_record,,,,,,
12:102844409:A:C,12-102844409-A-C,PAH,VCV000102926,102926,NM_000277.3(PAH):c.992T>G (p.Phe331Cys),"criteria provided, multiple submitters, no conflicts",SNV,missense,ok,2.0532559848989864e-06,3.0,1461094.0,,,
12:102843749:G:A,12-102843749-G-A,PAH,VCV001067076,1067076,NM_000277.3(PAH):c.1096C>T (p.Pro366Ser),"criteria provided, single submitter",SNV,missense,ok,6.842631785666876e-06,10.0,1461426.0,,,
12:102843781:T:A,12-102843781-T-A,PAH,VCV000120258,120258,NM_000277.3(PAH):c.1066-2A>T,reviewed by expert panel,SNV,LOF,ok,6.842790982843755e-07,1.0,1461392.0,,,
12:102866601:G:T,12-102866601-G-T,PAH,VCV000120277,120277,NM_000277.3(PAH):c.504C>A (p.Tyr168Ter),reviewed by expert panel,SNV,LOF,no_gnomad_record,,,,,,
12:102840466:A:C,12-102840466-A-C,PAH,VCV001327552,1327552,NM_000277.3(PAH):c.1249T>G (p.Tyr417Asp),reviewed by expert panel,SNV,missense,no_gnomad_record,,,,,,
12:102846939:C:T,12-102846939-C-T,PAH,VCV001327567,1327567,NM_000277.3(PAH):c.925G>A (p.Ala309Thr),reviewed by expert panel,SNV,missense,no_gnomad_record,,,,,,
12:102843653:T:A,12-102843653-T-A,PAH,VCV001376814,1376814,NM_000277.3(PAH):c.1192A>T (p.Lys398Ter),"criteria provided, single submitter",SNV,LOF,ok,1.3683465857700165e-06,2.0,1461618.0,,,
12:102852815:G:C,12-102852815-G-C,PAH,VCV001458269,1458269,NM_000277.3(PAH):c.842C>G (p.Pro281Arg),"criteria provided, single submitter",SNV,missense,no_gnomad_record,,,,,,
12:102866596:T:G,12-102866596-T-G,PAH,VCV001494029,1494029,NM_000277.3(PAH):c.509A>C (p.His170Pro),"criteria provided, multiple submitters, no conflicts",SNV,missense,ok,6.848376934666484e-07,1.0,1460200.0,,,
12:102855176:A:C,12-102855176-A-C,PAH,VCV001496717,1496717,NM_000277.3(PAH):c.666T>G (p.Asp222Glu),"criteria provided, single submitter",SNV,missense,no_gnomad_record,,,,,,
12:102877475:T:A,12-102877475-T-A,PAH,VCV001510805,1510805,NM_000277.3(PAH):c.428A>T (p.Asp143Val),"criteria provided, multiple submitters, no conflicts",SNV,missense,ok,5.473835749347588e-06,8.0,1461498.0,2.63033300015782e-05,4.0,152072.0
12:102866637:TG:T,12-102866637-TG-T,PAH,VCV001724054,1724054,NM_000277.3(PAH):c.467del (p.Ala156fs),"criteria provided, single submitter",deletion,LOF,no_gnomad_record,,,,,,
12:102894750:T:A,12-102894750-T-A,PAH,VCV001724885,1724885,NM_000277.3(PAH):c.337A>T (p.Lys113Ter),"criteria provided, single submitter",SNV,LOF,no_gnomad_record,,,,,,
12:102839219:C:G,12-102839219-C-G,PAH,VCV001810392,1810392,NM_000277.3(PAH):c.1316-1G>C,reviewed by expert panel,SNV,LOF,no_gnomad_record,,,,,,
12:102852830:A:G,12-102852830-A-G,PAH,VCV002152159,2152159,NM_000277.3(PAH):c.827T>C (p.Met276Thr),"criteria provided, multiple submitters, no conflicts",SNV,missense,ok,8.893230609678845e-06,13.0,1461786.0,3.2857124081643385e-05,5.0,152174.0
12:102855172:T:C,12-102855172-T-C,PAH,VCV002153853,2153853,NM_000277.3(PAH):c.670A>G (p.Ile224Val),"criteria provided, single submitter",SNV,missense,ok,2.0522025606015416e-06,3.0,1461844.0,,,
12:102844407:C:T,12-102844407-C-T,PAH,VCV002573212,2573212,NM_000277.3(PAH):c.994G>A (p.Gly332Arg),reviewed by expert panel,SNV,missense,ok,6.844195984920868e-07,1.0,1461092.0,6.571165724799579e-06,1.0,152180.0
12:102894888:A:C,12-102894888-A-C,PAH,VCV002579754,2579754,NM_000277.3(PAH):c.199T>G (p.Ser67Ala),"criteria provided, single submitter",SNV,missense,no_gnomad_record,,,,,,
12:102852846:G:T,12-102852846-G-T,PAH,VCV002816125,2816125,NM_000277.3(PAH):c.811C>A (p.His271Asn),"criteria provided, single submitter",SNV,missense,no_gnomad_record,,,,,,
12:102894837:C:T,12-102894837-C-T,PAH,VCV002829441,2829441,NM_000277.3(PAH):c.250G>A (p.Asp84Asn),"criteria provided, single submitter",SNV,missense,ok,6.841386557496381e-07,1.0,1461692.0,,,
12:102894830:C:G,12-102894830-C-G,PAH,VCV003382859,3382859,NM_000277.3(PAH):c.257G>C (p.Arg86Pro),"criteria provided, single submitter",SNV,missense,no_gnomad_record,,,,,,
12:102894732:T:TA,12-102894732-T-TA,PAH,VCV000370582,370582,NM_000277.3(PAH):c.352+2dup,no assertion criteria provided,duplication,splice_or_intronic,no_gnomad_record,,,,,,
12:102844409:A:G,12-102844409-A-G,PAH,VCV000371278,371278,NM_000277.3(PAH):c.992T>C (p.Phe331Ser),"criteria provided, multiple submitters, no conflicts",SNV,missense,ok,6.844186616329956e-07,1.0,1461094.0,,,
12:102851688:T:G,12-102851688-T-G,PAH,VCV004540586,4540586,NM_000277.3(PAH):c.911A>C (p.Gln304Pro),reviewed by expert panel,SNV,missense,no_gnomad_record,,,,,,
12:102855312:A:G,12-102855312-A-G,PAH,VCV004710022,4710022,NM_000277.3(PAH):c.530T>C (p.Val177Ala),"criteria provided, single submitter",SNV,missense,no_gnomad_record,,,,,,
12:102852945:TGCAAGCTGGGATGAAAA:T,12-102852945-TGCAAGCTGGGATGAAAA-T,PAH,VCV000527863,527863,NM_000277.3(PAH):c.707-12_711del,"criteria provided, multiple submitters, no conflicts",deletion,splice_or_intronic,ok,6.840731356270762e-07,1.0,1461832.0,,,
12:102866600:G:C,12-102866600-G-C,PAH,VCV000551103,551103,NM_000277.3(PAH):c.505C>G (p.Arg169Gly),reviewed by expert panel,SNV,missense,no_gnomad_record,,,,,,
12:102851689:G:A,12-102851689-G-A,PAH,VCV000558132,558132,NM_000277.3(PAH):c.910C>T (p.Gln304Ter),reviewed by expert panel,SNV,LOF,no_gnomad_record,,,,,,
12:102917128:C:G,12-102917128-C-G,PAH,VCV000585206,585206,NM_000277.3(PAH):c.3G>C (p.Met1Ile),reviewed by expert panel,SNV,missense,no_gnomad_record,,,,,,
12:102843790:C:T,12-102843790-C-T,PAH,VCV000000607,607,NM_000277.3(PAH):c.1066-11G>A,reviewed by expert panel,SNV,splice_or_intronic,ok,0.0003271651074990623,478.0,1461036.0,0.00030213464696223315,46.0,152250.0
12:102894863:T:A,12-102894863-T-A,PAH,VCV000619157,619157,NM_000277.3(PAH):c.224A>T (p.Asp75Val),reviewed by expert panel,SNV,missense,no_gnomad_record,,,,,,
12:102855148:G:C,12-102855148-G-C,PAH,VCV000619160,619160,NM_000277.3(PAH):c.694C>G (p.Gln232Glu),reviewed by expert panel,SNV,missense,no_gnomad_record,,,,,,
12:102855145:A:T,12-102855145-A-T,PAH,VCV000619163,619163,NM_000277.3(PAH):c.697T>A (p.Phe233Ile),reviewed by expert panel,SNV,missense,no_gnomad_record,,,,,,
12:102840499:T:C,12-102840499-T-C,PAH,VCV000619167,619167,NM_000277.3(PAH):c.1216A>G (p.Ile406Val),reviewed by expert panel,SNV,missense,ok,,,,1.314993556531573e-05,2.0,152092.0
12:102894794:A:G,12-102894794-A-G,PAH,VCV000000627,627,NM_000277.3(PAH):c.293T>C (p.Leu98Ser),reviewed by expert panel,SNV,missense,ok,9.576932180270699e-06,14.0,1461846.0,6.571683928289785e-06,1.0,152168.0
12:102855315:C:A,12-102855315-C-A,PAH,VCV000000631,631,NM_000277.3(PAH):c.527G>T (p.Arg176Leu),reviewed by expert panel,SNV,missense,ok,4.514969175074087e-05,66.0,1461804.0,6.574276172193441e-05,10.0,152108.0
12:102840395:C:G,12-102840395-C-G,PAH,VCV000872836,872836,NM_000277.3(PAH):c.1315+5G>C,reviewed by expert panel,SNV,splice_or_intronic,no_gnomad_record,,,,,,
12:102843777:G:T,12-102843777-G-T,PAH,VCV000092729,92729,NM_000277.3(PAH):c.1068C>A (p.Tyr356Ter),reviewed by expert panel,SNV,LOF,ok,3.4214189034762985e-06,5.0,1461382.0,,,
12:102840495:GGTATT:G,12-102840495-GGTATT-G,PAH,VCV000932264,932264,NM_000277.3(PAH):c.1215_1219del (p.Ile406fs),reviewed by expert panel,deletion,LOF,no_gnomad_record,,,,,,
12:102839216:C:A,12-102839216-C-A,PAH,VCV000932274,932274,NM_000277.3(PAH):c.1318G>T (p.Glu440Ter),reviewed by expert panel,SNV,LOF,ok,6.842144875575595e-07,1.0,1461530.0,,,
12:102843658:T:C,12-102843658-T-C,PAH,VCV000962987,962987,NM_000277.3(PAH):c.1187A>G (p.Lys396Arg),reviewed by expert panel,SNV,missense,ok,4.1052419834887164e-06,6.0,1461546.0,,,
12:102840518:A:C,12-102840518-A-C,PAH,VCV000987768,987768,NM_000277.3(PAH):c.1200-3T>G,reviewed by expert panel,SNV,splice_or_intronic,no_gnomad_record,,,,,,
12:102894758:GAAAGC:G,12-102894758-GAAAGC-G,PAH,VCV000987778,987778,NM_000277.3(PAH):c.324_328del (p.Glu108fs),reviewed by expert panel,deletion,LOF,no_gnomad_record,,,,,,
5:132388945:C:T,5-132388945-C-T,SLC22A5,VCV001426461,1426461,NM_003060.4(SLC22A5):c.976C>T (p.Gln326Ter),"criteria provided, single submitter",SNV,LOF,ok,,,,1.9712979025390316e-05,3.0,152184.0
5:132392577:G:C,5-132392577-G-C,SLC22A5,VCV001456659,1456659,NM_003060.4(SLC22A5):c.1412G>C (p.Arg471Pro),"criteria provided, multiple submitters, no conflicts",SNV,missense,ok,1.3681125792479211e-06,2.0,1461868.0,,,
5:132385415:C:G,5-132385415-C-G,SLC22A5,VCV001458254,1458254,NM_003060.4(SLC22A5):c.740C>G (p.Pro247Arg),"criteria provided, multiple submitters, no conflicts",SNV,missense,no_gnomad_record,,,,,,
5:132370056:C:A,5-132370056-C-A,SLC22A5,VCV001472873,1472873,NM_003060.4(SLC22A5):c.84C>A (p.Ser28Arg),"criteria provided, single submitter",SNV,missense,no_gnomad_record,,,,,,
5:132392574:C:A,5-132392574-C-A,SLC22A5,VCV002048266,2048266,NM_003060.4(SLC22A5):c.1409C>A (p.Ser470Tyr),"criteria provided, single submitter",SNV,missense,no_gnomad_record,,,,,,
5:132378482:G:T,5-132378482-G-T,SLC22A5,VCV002136332,2136332,NM_003060.4(SLC22A5):c.497+1G>T,"criteria provided, single submitter",SNV,LOF,no_gnomad_record,,,,,,
5:132385496:G:A,5-132385496-G-A,SLC22A5,VCV002499672,2499672,NM_003060.4(SLC22A5):c.821G>A (p.Trp274Ter),"criteria provided, single submitter",SNV,LOF,no_gnomad_record,,,,,,
5:132370067:A:G,5-132370067-A-G,SLC22A5,VCV000025355,25355,NM_003060.4(SLC22A5):c.95A>G (p.Asn32Ser),"criteria provided, multiple submitters, no conflicts",SNV,missense,ok,2.464146666009561e-05,36.0,1460952.0,1.9750615560851646e-05,3.0,151894.0
5:132378438:GGT:G,5-132378438-GGT-G,SLC22A5,VCV000025376,25376,NM_003060.4(SLC22A5):c.458_459del (p.Val153fs),"criteria provided, multiple submitters, no conflicts",Microsatellite,LOF,ok,4.0358824149078655e-05,59.0,1461886.0,1.9710906701708278e-05,3.0,152200.0
5:132390809:GGCT:G,5-132390809-GGCT-G,SLC22A5,VCV000025410,25410,NM_003060.4(SLC22A5):c.1175TGC[2] (p.Leu394del),"criteria provided, multiple submitters, no conflicts",Microsatellite,missense,ok,1.5049094249741088e-05,22.0,1461882.0,0.00018380422224556245,28.0,152336.0
5:132392505:A:G,5-132392505-A-G,SLC22A5,VCV000025418,25418,NM_003060.4(SLC22A5):c.1340A>G (p.Tyr447Cys),"criteria provided, multiple submitters, no conflicts",SNV,missense,ok,6.156531875101754e-06,9.0,1461862.0,6.5731526154574255e-06,1.0,152134.0
5:132393701:C:CA,5-132393701-C-CA,SLC22A5,VCV002678795,2678795,NM_003060.4(SLC22A5):c.1477dup (p.Ile493fs),"criteria provided, single submitter",duplication,LOF,no_gnomad_record,,,,,,
5:132385351:GT:G,5-132385351-GT-G,SLC22A5,VCV002678798,2678798,NM_003060.4(SLC22A5):c.678del (p.Arg227fs),"criteria provided, single submitter",deletion,LOF,no_gnomad_record,,,,,,
5:132370105:A:ACC,5-132370105-A-ACC,SLC22A5,VCV002678800,2678800,NM_003060.4(SLC22A5):c.136_137dup (p.Glu47fs),"criteria provided, single submitter",duplication,LOF,no_gnomad_record,,,,,,
5:132370178:T:TGCGGCTGCGGGACGGCCGCGAGGTGCCCCACA,5-132370178-T-TGCGGCTGCGGGACGGCCGCGAGGTGCCCCACA,SLC22A5,VCV002728788,2728788,NM_003060.4(SLC22A5):c.209_240dup (p.Cys81fs),"criteria provided, single submitter",duplication,LOF,no_gnomad_record,,,,,,
5:132370264:G:T,5-132370264-G-T,SLC22A5,VCV003240474,3240474,NM_003060.4(SLC22A5):c.292G>T (p.Glu98Ter),"criteria provided, single submitter",SNV,LOF,no_gnomad_record,,,,,,
5:132393678:G:GC,5-132393678-G-GC,SLC22A5,VCV000371479,371479,NM_003060.4(SLC22A5):c.1455dup (p.Tyr486fs),no assertion criteria provided,duplication,LOF,no_gnomad_record,,,,,,
5:132369988:G:T,5-132369988-G-T,SLC22A5,VCV003717733,3717733,NM_003060.4(SLC22A5):c.16G>T (p.Glu6Ter),"criteria provided, multiple submitters, no conflicts",SNV,LOF,no_gnomad_record,,,,,,
5:132390825:T:G,5-132390825-T-G,SLC22A5,VCV000375238,375238,NM_003060.4(SLC22A5):c.1188T>G (p.Tyr396Ter),no assertion criteria provided,SNV,LOF,no_gnomad_record,,,,,,
5:132370119:CT:C,5-132370119-CT-C,SLC22A5,VCV000038795,38795,NM_003060.4(SLC22A5):c.148del (p.Cys50fs),"criteria provided, multiple submitters, no conflicts",deletion,LOF,ok,2.0562141533332603e-06,3.0,1458992.0,,,
5:132385466:C:G,5-132385466-C-G,SLC22A5,VCV000460416,460416,NM_003060.4(SLC22A5):c.791C>G (p.Thr264Arg),"criteria provided, multiple submitters, no conflicts",SNV,missense,ok,1.4365103469788136e-05,21.0,1461876.0,1.3144404427035411e-05,2.0,152156.0
5:132378446:GT:G,5-132378446-GT-G,SLC22A5,VCV004815091,4815091,NM_003060.4(SLC22A5):c.464del (p.Leu155fs),"criteria provided, single submitter",deletion,LOF,no_gnomad_record,,,,,,
5:132387047:T:A,5-132387047-T-A,SLC22A5,VCV004815093,4815093,NM_003060.4(SLC22A5):c.847T>A (p.Trp283Arg),"criteria provided, single submitter",SNV,missense,no_gnomad_record,,,,,,
5:132370363:G:T,5-132370363-G-T,SLC22A5,VCV000550619,550619,NM_003060.4(SLC22A5):c.391G>T (p.Glu131Ter),"criteria provided, single submitter",SNV,LOF,ok,0.0,0.0,1459618.0,,,
5:132388919:A:G,5-132388919-A-G,SLC22A5,VCV000551129,551129,NM_003060.4(SLC22A5):c.952-2A>G,"criteria provided, single submitter",SNV,LOF,no_gnomad_record,,,,,,
5:132378237:T:C,5-132378237-T-C,SLC22A5,VCV000587622,587622,NM_003060.4(SLC22A5):c.394-141T>C,"criteria provided, single submitter",SNV,splice_or_intronic,ok,6.841639311512153e-07,1.0,1461638.0,,,
5:132387044:C:CG,5-132387044-C-CG,SLC22A5,VCV000659511,659511,NM_003060.4(SLC22A5):c.845dup (p.Trp283fs),"criteria provided, multiple submitters, no conflicts",duplication,LOF,ok,1.3681462712541523e-06,2.0,1461832.0,6.572893387669252e-06,1.0,152140.0
