gene,clinvar_id,variant,scenario,disease_prevalence,allelic_contribution_fraction,penetrance,model_factor,max_credible_af,observed_popmax_af,popmax_population,observed_to_max_credible_af_ratio,gnomad_popmax_allele_count,gnomad_qualifying_allele_count,interpretation,constraint_call
SCN5A,VCV000440850,NM_000335.4(SCN5A):c.[3919C>T;694G>A],strict_high_penetrance_dominant,0.0005,0.1,0.5,2.0,5e-05,0.0056763862332695,afr,113.52772466539,190.0,214.0,"Stringent dominant model: rare disease, limited allelic contribution, moderate/high penetrance.",very_strong_frequency_incompatibility_under_this_model
SCN5A,VCV000440850,NM_000335.4(SCN5A):c.[3919C>T;694G>A],generous_dominant_low_penetrance,0.001,0.2,0.1,2.0,0.001,0.0056763862332695,afr,5.6763862332695005,190.0,214.0,"Generous dominant model allowing higher prevalence, higher allelic contribution, and reduced penetrance.",BS1_like_frequency_incompatibility_under_this_model
SCN5A,VCV000440850,NM_000335.4(SCN5A):c.[3919C>T;694G>A],SCN5A_Brugada_high_penetrance_read,0.0005,0.1,0.2,2.0,0.000125,0.0056763862332695,afr,45.411089866156004,190.0,214.0,Illustrative Brugada-like Mendelian read for the SCN5A haplotype label.,very_strong_frequency_incompatibility_under_this_model
TRDN,VCV001325231,NM_006073.4(TRDN):c.1050del (p.Glu351fs),strict_high_penetrance_dominant,0.0005,0.1,0.5,2.0,5e-05,0.0002182135583357,amr,4.3642711667139995,9.0,40.0,"Stringent dominant model: rare disease, limited allelic contribution, moderate/high penetrance.",BS1_like_frequency_incompatibility_under_this_model
TRDN,VCV001325231,NM_006073.4(TRDN):c.1050del (p.Glu351fs),generous_dominant_low_penetrance,0.001,0.2,0.1,2.0,0.001,0.0002182135583357,amr,0.2182135583357,9.0,40.0,"Generous dominant model allowing higher prevalence, higher allelic contribution, and reduced penetrance.",frequency_not_above_model_ceiling_under_this_model
TRDN,VCV001325231,NM_006073.4(TRDN):c.1050del (p.Glu351fs),TRDN_CPVT_dominant_misread,0.0001,0.1,0.5,2.0,1e-05,0.0002182135583357,amr,21.82135583357,9.0,40.0,Intentional dominant misread for a TRDN allele to show why carrier architecture matters.,very_strong_frequency_incompatibility_under_this_model
KCNH2,VCV004535537,NM_000238.4(KCNH2):c.2398+2T>G,strict_high_penetrance_dominant,0.0005,0.1,0.5,2.0,5e-05,0.0001315270288044,asj,2.630540576088,2.0,24.0,"Stringent dominant model: rare disease, limited allelic contribution, moderate/high penetrance.",BS1_like_frequency_incompatibility_under_this_model
KCNH2,VCV004535537,NM_000238.4(KCNH2):c.2398+2T>G,generous_dominant_low_penetrance,0.001,0.2,0.1,2.0,0.001,0.0001315270288044,asj,0.13152702880439998,2.0,24.0,"Generous dominant model allowing higher prevalence, higher allelic contribution, and reduced penetrance.",frequency_not_above_model_ceiling_under_this_model
KCNH2,VCV004535537,NM_000238.4(KCNH2):c.2398+2T>G,KCNH2_LQTS_high_penetrance_read,0.0005,0.1,0.5,2.0,5e-05,0.0001315270288044,asj,2.630540576088,2.0,24.0,Illustrative LQTS-like dominant high-penetrance read for KCNH2.,BS1_like_frequency_incompatibility_under_this_model
