pilot_variant_id,gene,clinvar_id,variation_id,title,clinsig,review_status,review_strength,match_category,frequency_evidence_status,variant_type,functional_class,global_af,global_ac,popmax_af,popmax_ac,popmax_population,qualifying_frequency_ac,expert_requires_re_review,expert_route,expert_confidence_1_to_5,expert_comments,discordance_adjudication_notes
VITAL-PILOT-001,SCN5A,VCV000440850,440850,NM_000335.4(SCN5A):c.[3919C>T;694G>A],Pathogenic,no assertion criteria provided,weak_or_no_assertion,exact_match,frequency_observed,SNV,other_or_unresolved,0.0001464876505434,214.0,0.0056763862332695,190.0,afr,214.0,,,,,
VITAL-PILOT-002,TRDN,VCV001325231,1325231,NM_006073.4(TRDN):c.1050del (p.Glu351fs),Likely pathogenic,"criteria provided, single submitter",single_submitter,exact_match,frequency_observed,deletion,LOF,2.774748677138568e-05,40.0,0.0002182135583357,9.0,amr,40.0,,,,,
VITAL-PILOT-003,KCNH2,VCV004535537,4535537,NM_000238.4(KCNH2):c.2398+2T>G,Likely pathogenic,"criteria provided, single submitter",single_submitter,exact_match,frequency_observed,SNV,LOF,4.367018818211924e-05,24.0,0.0001315270288044,2.0,asj,24.0,,,,,
VITAL-PILOT-004,KCNH2,VCV000372378,372378,NM_000238.4(KCNH2):c.3099del (p.Arg1035fs),Pathogenic,"criteria provided, multiple submitters, no conflicts",multiple_submitters_no_conflicts,allele_discordance,allele_discordance_no_exact_AF,deletion,LOF,,,,,,,,,,,
VITAL-PILOT-005,KCNH2,VCV000405355,405355,NM_000238.4(KCNH2):c.402del (p.Lys135fs),Pathogenic,"criteria provided, multiple submitters, no conflicts",multiple_submitters_no_conflicts,no_gnomad_record,not_observed_in_gnomAD,deletion,LOF,,,,,,,,,,,
VITAL-PILOT-006,KCNQ1,VCV000405262,405262,NM_000218.3(KCNQ1):c.745_754del (p.Arg249fs),Pathogenic,"criteria provided, multiple submitters, no conflicts",multiple_submitters_no_conflicts,allele_discordance,allele_discordance_no_exact_AF,deletion,LOF,,,,,,,,,,,
VITAL-PILOT-007,KCNQ1,VCV000405264,405264,NM_000218.3(KCNQ1):c.1783del (p.Arg594_Val595insTer),Pathogenic,"criteria provided, single submitter",single_submitter,no_gnomad_record,not_observed_in_gnomAD,deletion,LOF,,,,,,,,,,,
VITAL-PILOT-008,RYR2,VCV000560709,560709,NM_001035.3(RYR2):c.12550_12552del (p.Glu4184del),Likely pathogenic,"criteria provided, single submitter",single_submitter,allele_discordance,allele_discordance_no_exact_AF,deletion,missense,,,,,,,,,,,
VITAL-PILOT-009,RYR2,VCV000870975,870975,NM_001035.3(RYR2):c.120_135dup (p.Leu46fs),Likely pathogenic,"criteria provided, single submitter",single_submitter,allele_discordance,allele_discordance_no_exact_AF,duplication,LOF,,,,,,,,,,,
VITAL-PILOT-010,SCN5A,VCV000420342,420342,NM_000335.5(SCN5A):c.5527_5530dup (p.Gly1844fs),Likely pathogenic,"criteria provided, multiple submitters, no conflicts",multiple_submitters_no_conflicts,no_gnomad_record,not_observed_in_gnomAD,duplication,LOF,,,,,,,,,,,
VITAL-PILOT-011,SCN5A,VCV000581866,581866,NM_000335.5(SCN5A):c.4527_4529dup (p.Pro1510dup),Likely pathogenic,"criteria provided, single submitter",single_submitter,allele_discordance,allele_discordance_no_exact_AF,duplication,missense,,,,,,,,,,,
VITAL-PILOT-012,ANK2,VCV001483377,1483377,NM_001148.6(ANK2):c.10480_10481dup (p.Gln3494fs),Pathogenic,"criteria provided, single submitter",single_submitter,no_gnomad_record,not_observed_in_gnomAD,duplication,LOF,,,,,,,,,,,
VITAL-PILOT-013,ANK2,VCV001729746,1729746,NM_001148.6(ANK2):c.3281dup (p.Val1095fs),Pathogenic,"criteria provided, single submitter",single_submitter,allele_discordance,allele_discordance_no_exact_AF,duplication,LOF,,,,,,,,,,,
VITAL-PILOT-014,ANK2,VCV000809661,809661,NM_001148.6(ANK2):c.2944C>T (p.Arg982Ter),Pathogenic/Likely pathogenic,"criteria provided, multiple submitters, no conflicts",multiple_submitters_no_conflicts,exact_match,frequency_observed,SNV,LOF,6.840693919991244e-07,1.0,8.992935150146045e-07,1.0,nfe,0.0,,,,,
VITAL-PILOT-015,ANK2,VCV000985692,985692,NM_001148.6(ANK2):c.11761C>T (p.Gln3921Ter),Pathogenic/Likely pathogenic,"criteria provided, multiple submitters, no conflicts",multiple_submitters_no_conflicts,exact_match,frequency_observed,SNV,LOF,1.3681575022916638e-06,,,,,0.0,,,,,
VITAL-PILOT-016,CACNA1C,VCV000372313,372313,NM_000719.7(CACNA1C):c.1553G>A (p.Arg518His),Pathogenic/Likely pathogenic,"criteria provided, multiple submitters, no conflicts",multiple_submitters_no_conflicts,exact_match,frequency_observed,SNV,missense,1.385381180704965e-06,2.0,1.8129572051451725e-06,2.0,nfe,0.0,,,,,
VITAL-PILOT-017,CACNA1C,VCV000411734,411734,NM_000719.7(CACNA1C):c.2317_2319del (p.Lys773del),Likely pathogenic,"criteria provided, multiple submitters, no conflicts",multiple_submitters_no_conflicts,exact_match,frequency_observed,deletion,missense,6.845132973553145e-07,1.0,8.998033029979646e-07,1.0,nfe,0.0,,,,,
VITAL-PILOT-018,CASQ2,VCV000427947,427947,NM_001232.4(CASQ2):c.783G>A (p.Trp261Ter),Pathogenic/Likely pathogenic,"criteria provided, multiple submitters, no conflicts",multiple_submitters_no_conflicts,exact_match,frequency_observed,SNV,LOF,2.738473082178839e-06,4.0,3.598442594045297e-06,4.0,nfe,0.0,,,,,
VITAL-PILOT-019,CASQ2,VCV000488772,488772,NM_001232.4(CASQ2):c.115G>T (p.Glu39Ter),Pathogenic/Likely pathogenic,"criteria provided, multiple submitters, no conflicts",multiple_submitters_no_conflicts,exact_match,frequency_observed,SNV,LOF,1.368531975749613e-06,2.0,1.7992245342257486e-06,2.0,nfe,0.0,,,,,
VITAL-PILOT-020,KCNE1,VCV000430060,430060,NM_000219.6(KCNE1):c.12dup (p.Asn5Ter),Pathogenic,"criteria provided, multiple submitters, no conflicts",multiple_submitters_no_conflicts,exact_match,frequency_observed,duplication,LOF,2.628017292353784e-06,2.0,3.923091710114907e-06,2.0,nfe,0.0,,,,,
VITAL-PILOT-021,KCNH2,VCV000418247,418247,NM_000238.4(KCNH2):c.2892del (p.Gly965fs),Pathogenic,"criteria provided, multiple submitters, no conflicts",multiple_submitters_no_conflicts,exact_match,frequency_observed,deletion,LOF,0.0,0.0,0.0,,,0.0,,,,,
VITAL-PILOT-022,KCNH2,VCV000653333,653333,NM_000238.4(KCNH2):c.2762del (p.Gly921fs),Pathogenic/Likely pathogenic,"criteria provided, multiple submitters, no conflicts",multiple_submitters_no_conflicts,exact_match,frequency_observed,deletion,LOF,0.0,0.0,0.0,,,0.0,,,,,
VITAL-PILOT-023,KCNQ1,VCV000449221,449221,NM_000218.3(KCNQ1):c.200_210del (p.Pro67fs),Pathogenic/Likely pathogenic,"criteria provided, multiple submitters, no conflicts",multiple_submitters_no_conflicts,exact_match,frequency_observed,deletion,LOF,8.033277046838826e-07,1.0,9.895679744137304e-07,1.0,nfe,0.0,,,,,
