priority_rank,variant_key,gene,clinvar_id,variation_id,title,review_strength,submitter_count,variant_type,functional_class,global_af,global_ac,popmax_af,popmax_ac,popmax_population,qualifying_frequency_ac,vital_score,vital_band,vital_red_flag,vital_signal_reason
1,11:77175465:G:A,MYO7A,VCV000043175,43175,NM_000260.4(MYO7A):c.2187+1G>A,multiple_submitters_no_conflicts,8.0,SNV,LOF,1.574548720644935e-05,23.0,0.0006121824303642485,16.0,asj,23.0,83.0302044485495,orange_high_tension,False,popmax_AF_gt_1e-4; global_AF_gt_1e-5; AC_ge_20; type=SNV; gene_constraint=0.49; detectability=0.88
2,7:107683453:A:G,SLC26A4,VCV000004840,4840,NM_000441.2(SLC26A4):c.919-2A>G,expert_panel,23.0,SNV,LOF,6.569007422978388e-05,96.0,0.002268602540834846,90.0,eas,96.0,81.55721876345521,orange_high_tension,False,popmax_AF_gt_1e-4; global_AF_gt_1e-5; AC_ge_20; type=SNV; gene_constraint=0.18; detectability=0.88
3,7:107674970:G:T,SLC26A4,VCV000004821,4821,NM_000441.2(SLC26A4):c.626G>T (p.Gly209Val),multiple_submitters_no_conflicts,14.0,SNV,missense,0.0007599802993405752,1111.0,0.0009406491738294493,1046.0,nfe,1111.0,76.73117498153202,orange_high_tension,False,popmax_AF_gt_1e-4; global_AF_gt_1e-5; AC_ge_20; type=SNV; gene_constraint=0.18; detectability=0.88
4,13:20189546:AC:A,GJB2,VCV000017004,17004,NM_004004.6(GJB2):c.35del (p.Gly12fs),expert_panel,56.0,deletion,LOF,0.007131226053639847,10423.0,0.009473526548341197,506.0,fin,10423.0,76.43061971830438,orange_high_tension,False,popmax_AF_gt_1e-4; global_AF_gt_1e-5; AC_ge_20; type=deletion; gene_constraint=0.25; detectability=0.66
5,1:215674572:T:A,USH2A,VCV000930727,930727,NM_206933.4(USH2A):c.13339A>T (p.Met4447Leu),multiple_submitters_no_conflicts,2.0,SNV,missense,3.625488414854378e-05,53.0,0.0003931259126137257,21.0,fin,53.0,75.94502959117543,orange_high_tension,False,popmax_AF_gt_1e-4; global_AF_gt_1e-5; AC_ge_20; type=SNV; gene_constraint=0.49; detectability=0.88
6,11:77184688:G:T,MYO7A,VCV000043206,43206,NM_000260.4(MYO7A):c.3476G>T (p.Gly1159Val),multiple_submitters_no_conflicts,11.0,SNV,missense,0.00042568482737650993,616.0,0.0005440538803443562,601.0,nfe,616.0,74.4614731475687,orange_high_tension,False,popmax_AF_gt_1e-4; global_AF_gt_1e-5; AC_ge_20; type=SNV; gene_constraint=0.49; detectability=0.88
7,7:107675051:T:C,SLC26A4,VCV000004817,4817,NM_000441.2(SLC26A4):c.707T>C (p.Leu236Pro),multiple_submitters_no_conflicts,19.0,SNV,missense,0.00048707140111013973,712.0,0.0006223368569110868,692.0,nfe,712.0,72.76366421023378,orange_high_tension,False,popmax_AF_gt_1e-4; global_AF_gt_1e-5; AC_ge_20; type=SNV; gene_constraint=0.18; detectability=0.88
8,11:77194449:C:A,MYO7A,VCV000643819,643819,NM_000260.4(MYO7A):c.4248C>A (p.Tyr1416Ter),single_submitter,1.0,SNV,LOF,1.5766448175684845e-05,23.0,0.0001288659793814433,11.0,sas,23.0,69.41689468344299,yellow_watchlist,False,popmax_AF_gt_1e-4; global_AF_gt_1e-5; AC_ge_20; weak_review; type=SNV; gene_constraint=0.49; detectability=0.88
9,13:20189049:A:G,GJB2,VCV000550961,550961,NM_004004.6(GJB2):c.533T>C (p.Val178Ala),multiple_submitters_no_conflicts,4.0,SNV,missense,5.472674934054267e-06,8.0,0.00023896290100961827,8.0,afr,8.0,66.1708621370548,yellow_watchlist,False,popmax_AF_gt_1e-4; type=SNV; gene_constraint=0.25; detectability=0.88
10,1:216325540:C:T,USH2A,VCV000284411,284411,NM_206933.4(USH2A):c.908G>A (p.Arg303His),multiple_submitters_no_conflicts,12.0,SNV,missense,4.5164398410213176e-05,66.0,0.00017361111111111112,1.0,mid,66.0,65.70664185490295,yellow_watchlist,False,popmax_AF_gt_1e-4; global_AF_gt_1e-5; AC_ge_20; type=SNV; gene_constraint=0.49; detectability=0.88
