variation_id	vcv_id	clinvar_id	gene_baseline	name	vital_score	vital_band	vital_red_flag	priority_group	max_frequency_signal	qualifying_frequency_ac	vital_signal_reason	clinical_group_2023-01	clinical_group_2024-01	clinical_group_2025-01	clinical_group_2026-04	clinical_significance_2023-01	clinical_significance_2024-01	clinical_significance_2025-01	clinical_significance_2026-04	review_status_2023-01	review_status_2024-01	review_status_2025-01	review_status_2026-04	status_present_2023-01	status_present_2024-01	status_present_2025-01	status_present_2026-04	clinical_group_trajectory	ever_strict_downgrade	ever_broad_instability	first_strict_downgrade_snapshot	first_broad_instability_snapshot	normalized_review_status_2023-01	normalized_review_status_2024-01	normalized_review_status_2025-01	normalized_review_status_2026-04	ever_review_status_changed	first_review_status_change_snapshot	ever_expanded_instability	stepwise_label_drift	flipper_plp_vus_back_to_plp	flipper_plp_nonplp_back_to_plp	intermediate_only_strict_downgrade	intermediate_only_broad_instability	transient_missing	current_missing_category	event_timing_strict	event_timing_broad
441070	VCV000441070	VCV000441070	THG1L	NM_017872.5(THG1L):c.164T>C (p.Val55Ala)	90.22538543937368	red_reclassification_priority	True	VITAL_red	0.0041373443662516	143.0	popmax_AF_gt_1e-4; global_AF_gt_1e-5; AC_ge_20; weak_review; type=SNV; gene_constraint=0.25; detectability=0.83	P_LP	P_LP	P_LP	P_LP	Likely pathogenic	Likely pathogenic	Likely pathogenic	Pathogenic/Likely pathogenic	criteria provided, single submitter	criteria provided, single submitter	criteria provided, multiple submitters, no conflicts	criteria provided, multiple submitters, no conflicts	True	True	True	True	P_LP->P_LP->P_LP->P_LP	False	False			criteria provided, single submitter	criteria provided, single submitter	criteria provided, multiple submitters, no conflicts	criteria provided, multiple submitters, no conflicts	True	2025-01	True	False	False	False	False	False	False	current_present	none	none
3303	VCV000003303	VCV000003303	LIPH	NM_139248.3(LIPH):c.659_660del (p.Ile220fs)	87.34567115538377	red_reclassification_priority	True	VITAL_red	0.0006609461966604	60.0	popmax_AF_gt_1e-4; global_AF_gt_1e-5; AC_ge_20; weak_review; type=deletion; gene_constraint=0.25; detectability=0.61	P_LP	P_LP	P_LP	P_LP	Pathogenic	Pathogenic	Pathogenic	Pathogenic	no assertion criteria provided	criteria provided, multiple submitters, no conflicts	criteria provided, multiple submitters, no conflicts	criteria provided, multiple submitters, no conflicts	True	True	True	True	P_LP->P_LP->P_LP->P_LP	False	False			no assertion criteria provided	criteria provided, multiple submitters, no conflicts	criteria provided, multiple submitters, no conflicts	criteria provided, multiple submitters, no conflicts	True	2024-01	True	False	False	False	False	False	False	current_present	none	none
1029334	VCV001029334	VCV001029334	DPYS	NM_001385.3(DPYS):c.1468C>T (p.Arg490Cys)	84.87987803649594	red_reclassification_priority	True	VITAL_red	0.0007808564231738	59.0	popmax_AF_gt_1e-4; global_AF_gt_1e-5; AC_ge_20; weak_review; type=SNV; gene_constraint=0.12; detectability=0.83	P_LP	P_LP	P_LP	P_LP	Pathogenic	Pathogenic	Pathogenic/Likely pathogenic	Pathogenic/Likely pathogenic	criteria provided, single submitter	criteria provided, single submitter	criteria provided, multiple submitters, no conflicts	criteria provided, multiple submitters, no conflicts	True	True	True	True	P_LP->P_LP->P_LP->P_LP	False	False			criteria provided, single submitter	criteria provided, single submitter	criteria provided, multiple submitters, no conflicts	criteria provided, multiple submitters, no conflicts	True	2025-01	True	False	False	False	False	False	False	current_present	none	none
636023	VCV000636023	VCV000636023	EYS	NM_001142800.2(EYS):c.1211dup (p.Asn404fs)	82.46840313675412	red_reclassification_priority	True	VITAL_red	0.0003487966515521	25.0	popmax_AF_gt_1e-4; global_AF_gt_1e-5; AC_ge_20; weak_review; type=duplication; gene_constraint=0.42; detectability=0.38	P_LP	P_LP	P_LP	P_LP	Pathogenic	Pathogenic/Likely pathogenic	Pathogenic/Likely pathogenic	Pathogenic/Likely pathogenic	criteria provided, single submitter	criteria provided, multiple submitters, no conflicts	criteria provided, multiple submitters, no conflicts	criteria provided, multiple submitters, no conflicts	True	True	True	True	P_LP->P_LP->P_LP->P_LP	False	False			criteria provided, single submitter	criteria provided, multiple submitters, no conflicts	criteria provided, multiple submitters, no conflicts	criteria provided, multiple submitters, no conflicts	True	2024-01	True	False	False	False	False	False	False	current_present	none	none
1705136	VCV001705136	VCV001705136	MANBA	NM_005908.4(MANBA):c.1753C>T (p.Arg585Ter)	81.28387723816664	red_reclassification_priority	True	VITAL_red	0.0005204718945176	59.0	popmax_AF_gt_1e-4; global_AF_gt_1e-5; AC_ge_20; weak_review; type=SNV; gene_constraint=0.25; detectability=0.83	P_LP	P_LP	P_LP	P_LP	Likely pathogenic	Likely pathogenic	Pathogenic/Likely pathogenic	Pathogenic/Likely pathogenic	criteria provided, single submitter	criteria provided, single submitter	criteria provided, multiple submitters, no conflicts	criteria provided, multiple submitters, no conflicts	True	True	True	True	P_LP->P_LP->P_LP->P_LP	False	False			criteria provided, single submitter	criteria provided, single submitter	criteria provided, multiple submitters, no conflicts	criteria provided, multiple submitters, no conflicts	True	2025-01	True	False	False	False	False	False	False	current_present	none	none
970097	VCV000970097	VCV000970097	DNAH5	NM_001369.3(DNAH5):c.6444+1G>A	81.07083693910656	red_reclassification_priority	True	VITAL_red	0.0004492867572728	29.0	popmax_AF_gt_1e-4; global_AF_gt_1e-5; AC_ge_20; weak_review; type=SNV; gene_constraint=0.25; detectability=0.83	P_LP	P_LP	P_LP	P_LP	Pathogenic	Pathogenic	Pathogenic	Pathogenic	criteria provided, single submitter	criteria provided, single submitter	criteria provided, single submitter	criteria provided, single submitter	True	True	True	True	P_LP->P_LP->P_LP->P_LP	False	False			criteria provided, single submitter	criteria provided, single submitter	criteria provided, single submitter	criteria provided, single submitter	False		False	False	False	False	False	False	False	current_present	none	none
1360900	VCV001360900	VCV001360900	DPYS	NM_001385.3(DPYS):c.568C>T (p.Gln190Ter)	81.04861279157089	red_reclassification_priority	True	VITAL_red	0.0004695465521867	21.0	popmax_AF_gt_1e-4; global_AF_gt_1e-5; AC_ge_20; weak_review; type=SNV; gene_constraint=0.12; detectability=0.83	P_LP	P_LP	P_LP	P_LP	Pathogenic	Pathogenic	Pathogenic	Pathogenic	criteria provided, single submitter	criteria provided, single submitter	criteria provided, multiple submitters, no conflicts	criteria provided, multiple submitters, no conflicts	True	True	True	True	P_LP->P_LP->P_LP->P_LP	False	False			criteria provided, single submitter	criteria provided, single submitter	criteria provided, multiple submitters, no conflicts	criteria provided, multiple submitters, no conflicts	True	2025-01	True	False	False	False	False	False	False	current_present	none	none
988803	VCV000988803	VCV000988803	SLC38A8	NM_001080442.3(SLC38A8):c.264C>G (p.Tyr88Ter)	79.11694427249816	red_reclassification_priority	True	VITAL_red	0.0003246602662214	30.0	popmax_AF_gt_1e-4; global_AF_gt_1e-5; AC_ge_20; weak_review; type=SNV; gene_constraint=0.25; detectability=0.83	P_LP	P_LP	P_LP	P_LP	Pathogenic	Likely pathogenic	Pathogenic/Likely pathogenic	Pathogenic/Likely pathogenic	no assertion criteria provided	criteria provided, single submitter	criteria provided, multiple submitters, no conflicts	criteria provided, multiple submitters, no conflicts	True	True	True	True	P_LP->P_LP->P_LP->P_LP	False	False			no assertion criteria provided	criteria provided, single submitter	criteria provided, multiple submitters, no conflicts	criteria provided, multiple submitters, no conflicts	True	2024-01	True	False	False	False	False	False	False	current_present	none	none
433531	VCV000433531	VCV000433531	XRCC1	NM_006297.3(XRCC1):c.1293G>C (p.Lys431Asn)	76.90883322234902	red_reclassification_priority	True	VITAL_red	0.0002550606348691	22.0	popmax_AF_gt_1e-4; global_AF_gt_1e-5; AC_ge_20; weak_review; type=SNV; gene_constraint=0.25; detectability=0.83	P_LP	P_LP	P_LP	P_LP	Pathogenic	Pathogenic	Likely pathogenic	Likely pathogenic	no assertion criteria provided	no assertion criteria provided	criteria provided, single submitter	criteria provided, single submitter	True	True	True	True	P_LP->P_LP->P_LP->P_LP	False	False			no assertion criteria provided	no assertion criteria provided	criteria provided, single submitter	criteria provided, single submitter	True	2025-01	True	False	False	False	False	False	False	current_present	none	none
812096	VCV000812096	VCV000812096	CFAP91	NM_033364.4(CFAP91):c.124G>C (p.Asp42His)	76.48804740907264	red_reclassification_priority	True	VITAL_red	0.000350017500875	152.0	popmax_AF_gt_1e-4; global_AF_gt_1e-5; AC_ge_20; weak_review; type=SNV; gene_constraint=0.25; detectability=0.83	P_LP	P_LP	P_LP	VUS	Pathogenic	Pathogenic	Pathogenic	Uncertain significance	no assertion criteria provided	no assertion criteria provided	no assertion criteria provided	criteria provided, single submitter	True	True	True	True	P_LP->P_LP->P_LP->VUS	True	True	2026-04	2026-04	no assertion criteria provided	no assertion criteria provided	no assertion criteria provided	criteria provided, single submitter	True	2026-04	True	False	False	False	False	False	False	current_present	2026-04	2026-04
998160	VCV000998160	VCV000998160	DMD	NM_004006.3(DMD):c.4072-267del	75.66125776413585	red_reclassification_priority	True	VITAL_red	0.000167455101101	26.0	popmax_AF_gt_1e-4; global_AF_gt_1e-5; AC_ge_20; weak_review; type=deletion; gene_constraint=0.62; detectability=0.61	P_LP	P_LP	P_LP	P_LP	Pathogenic	Pathogenic	Pathogenic	Pathogenic	no assertion criteria provided	no assertion criteria provided	no assertion criteria provided	no assertion criteria provided	True	True	True	True	P_LP->P_LP->P_LP->P_LP	False	False			no assertion criteria provided	no assertion criteria provided	no assertion criteria provided	no assertion criteria provided	False		False	False	False	False	False	False	False	current_present	none	none
1488673	VCV001488673	VCV001488673	VPS13B	NM_152564.5(VPS13B):c.9331-2A>G	73.6066028671974	red_reclassification_priority	True	VITAL_red	0.0002889457607529	32.0	popmax_AF_gt_1e-4; global_AF_gt_1e-5; AC_ge_20; weak_review; type=SNV; gene_constraint=0.23; detectability=0.83	P_LP	P_LP	P_LP	P_LP	Likely pathogenic	Pathogenic	Pathogenic	Pathogenic	criteria provided, single submitter	criteria provided, single submitter	criteria provided, single submitter	criteria provided, single submitter	True	True	True	True	P_LP->P_LP->P_LP->P_LP	False	False			criteria provided, single submitter	criteria provided, single submitter	criteria provided, single submitter	criteria provided, single submitter	False		False	False	False	False	False	False	False	current_present	none	none
218160	VCV000218160	VCV000218160	IFNAR2	NM_001289125.3(IFNAR2):c.311del (p.Glu104fs)	70.01093563378913	red_reclassification_priority	True	VITAL_red	0.0001497566454511	50.0	popmax_AF_gt_1e-4; global_AF_gt_1e-5; AC_ge_20; weak_review; type=deletion; gene_constraint=0.25; detectability=0.61	P_LP	P_LP	P_LP	P_LP	Pathogenic	Pathogenic	Pathogenic	Pathogenic	no assertion criteria provided	no assertion criteria provided	criteria provided, single submitter	criteria provided, single submitter	True	True	True	True	P_LP->P_LP->P_LP->P_LP	False	False			no assertion criteria provided	no assertion criteria provided	criteria provided, single submitter	criteria provided, single submitter	True	2025-01	True	False	False	False	False	False	False	current_present	none	none
