analysis	source_file	gene	clinvar_id	variation_id	title	clinsig	review_status	submitter_count	validation_stratum	known_founder_or_carrier_context_gene	frequency_evidence_status	variant_type	functional_class	global_af	global_ac	popmax_af	popmax_ac	popmax_population	max_frequency_signal	qualifying_frequency_ac	standard_acmg_frequency_flag	frequency_signal_ac_ge_20	weak_review_signal	vital_score	vital_band	vital_red_flag	vital_signal_reason	gene_baseline	gene_score	variant_key_baseline	variant_key_score	name	clinical_group	followup_clinical_group	followup_clinical_significance	review_status_baseline	review_status_score	review_strength	review_score	match_category	strict_revised_to_b_or_vus	broad_revised_or_destabilized	clinical_significance_changed	review_status_changed	expanded_revised_or_review_changed
current_2026_high_score_or_red	vital_cross_disease_3000_cross_disease_outliers.csv	PRG4	VCV003574703	3574703	NM_005807.6(PRG4):c.531_535del (p.Thr178fs)	Likely pathogenic	criteria provided, single submitter	1.0	fully_random_remaining	False	frequency_observed	deletion	LOF	7.600469996631143e-05	111.0	0.0027530073613022	92.0	afr	0.0027530073613022	111.0	True	True	True	91.1247585281669	red_reclassification_priority	True	popmax_AF_gt_1e-4; global_AF_gt_1e-5; AC_ge_20; weak_review; type=deletion; gene_constraint=0.25; detectability=0.60																		
current_2026_high_score_or_red	vital_cross_disease_3000_cross_disease_outliers.csv	MNS1	VCV003024123	3024123	NM_018365.4(MNS1):c.605dup (p.Gln203fs)	Pathogenic	no assertion criteria provided	1.0	fully_random_remaining	False	frequency_observed	duplication	LOF	0.0005501803746358	729.0	0.0012243878060969	49.0	amr	0.0012243878060969	729.0	True	True	True	88.3191747660951	red_reclassification_priority	True	popmax_AF_gt_1e-4; global_AF_gt_1e-5; AC_ge_20; weak_review; type=duplication; gene_constraint=0.25; detectability=0.39																		
current_2026_high_score_or_red	vital_cross_disease_3000_cross_disease_outliers.csv	DYNC2H1	VCV002749617	2749617	NM_001377.3(DYNC2H1):c.10099C>A (p.Arg3367Ser)	Likely pathogenic	criteria provided, single submitter	1.0	top100_gene_enriched	False	frequency_observed	SNV	missense	3.7646169810235926e-05	55.0	0.0002622705133008	14.0	fin	0.0002622705133008	55.0	True	True	True	75.2262443557394	red_reclassification_priority	True	popmax_AF_gt_1e-4; global_AF_gt_1e-5; AC_ge_20; weak_review; type=SNV; gene_constraint=0.45; detectability=0.82																		
current_2026_high_score_or_red	vital_cross_disease_3000_cross_disease_outliers.csv	ABCC8	VCV000009099	9099	NM_000352.6(ABCC8):c.560T>A (p.Val187Asp)	Pathogenic/Likely pathogenic	criteria provided, multiple submitters, no conflicts	7.0	top100_gene_enriched	False	frequency_observed	SNV	missense	5.29856374516248e-05	77.0	0.0014018868639411	74.0	fin	0.0014018868639411	77.0	True	True	False	87.53534533871245	orange_high_tension	False	popmax_AF_gt_1e-4; global_AF_gt_1e-5; AC_ge_20; type=SNV; gene_constraint=0.58; detectability=0.82																		
current_2026_high_score_or_red	vital_cross_disease_3000_cross_disease_outliers.csv	PCDH15	VCV000965230	965230	NM_033056.4(PCDH15):c.4604_4608dup (p.Ser1537fs)	Pathogenic/Likely pathogenic	criteria provided, multiple submitters, no conflicts	4.0	fully_random_remaining	False	frequency_observed	duplication	LOF	6.156708760312487e-06	9.0	0.0012135922330097	7.0	mid	0.0012135922330097	7.0	True	False	False	85.74232018497509	orange_high_tension	False	popmax_AF_gt_1e-4; type=duplication; gene_constraint=0.50; detectability=0.39																		
current_2026_high_score_or_red	vital_cross_disease_3000_cross_disease_outliers.csv	CD36	VCV001324033	1324033	NM_001001548.3(CD36):c.1240_1243dup (p.Trp415fs)	Pathogenic/Likely pathogenic	criteria provided, multiple submitters, no conflicts	2.0	fully_random_remaining	False	frequency_observed	duplication	LOF	0.0001607787332046	228.0	0.0025093808630394	214.0	sas	0.0025093808630394	228.0	True	True	False	85.54879514644963	orange_high_tension	False	popmax_AF_gt_1e-4; global_AF_gt_1e-5; AC_ge_20; type=duplication; gene_constraint=0.25; detectability=0.39																		
current_2026_high_score_or_red	vital_cross_disease_3000_cross_disease_outliers.csv	FANCC	VCV000012045	12045	NM_000136.3(FANCC):c.456+4A>T	Pathogenic	criteria provided, multiple submitters, no conflicts	25.0	fully_random_remaining	False	frequency_observed	SNV	splice_or_intronic	0.0001673338659534	235.0	0.006757281553398	174.0	asj	0.006757281553398	235.0	True	True	False	85.12017886900136	orange_high_tension	False	popmax_AF_gt_1e-4; global_AF_gt_1e-5; AC_ge_20; type=SNV; gene_constraint=0.25; detectability=0.82																		
current_2026_high_score_or_red	vital_cross_disease_3000_cross_disease_outliers.csv	MLC1	VCV000004719	4719	NM_015166.4(MLC1):c.274C>T (p.Pro92Ser)	Pathogenic/Likely pathogenic	criteria provided, multiple submitters, no conflicts	13.0	fully_random_remaining	False	frequency_observed	SNV	missense	5.441888211216903e-05	79.0	0.0017345050878815	45.0	asj	0.0017345050878815	79.0	True	True	False	84.60636780223345	orange_high_tension	False	popmax_AF_gt_1e-4; global_AF_gt_1e-5; AC_ge_20; type=SNV; gene_constraint=0.25; detectability=0.82																		
current_2026_high_score_or_red	vital_cross_disease_3000_cross_disease_outliers.csv	VPS13B	VCV000002818	2818	NM_152564.5(VPS13B):c.3348_3349del (p.Cys1117fs)	Pathogenic	criteria provided, multiple submitters, no conflicts	9.0	fully_random_remaining	False	frequency_observed	Microsatellite	LOF	9.577836339405682e-05	140.0	0.0024898906694623	133.0	fin	0.0024898906694623	140.0	True	True	False	84.26095606051562	orange_high_tension	False	popmax_AF_gt_1e-4; global_AF_gt_1e-5; AC_ge_20; type=Microsatellite; gene_constraint=0.30; detectability=0.52																		
current_2026_high_score_or_red	vital_cross_disease_3000_cross_disease_outliers.csv	DYNC2H1	VCV000446570	446570	NM_001377.3(DYNC2H1):c.10573C>T (p.Arg3525Ter)	Pathogenic	criteria provided, multiple submitters, no conflicts	10.0	top100_gene_enriched	False	frequency_observed	SNV	LOF	2.961767031537997e-05	43.0	0.0007202016564638	24.0	afr	0.0007202016564638	43.0	True	True	False	82.81147168925835	orange_high_tension	False	popmax_AF_gt_1e-4; global_AF_gt_1e-5; AC_ge_20; type=SNV; gene_constraint=0.45; detectability=0.82																		
current_2026_high_score_or_red	vital_cross_disease_3000_cross_disease_outliers.csv	CHEK2	VCV000142352	142352	NM_007194.4(CHEK2):c.319+2T>A	Pathogenic/Likely pathogenic	criteria provided, multiple submitters, no conflicts	19.0	top100_gene_enriched	False	frequency_observed	SNV	LOF	4.242449124823802e-05	62.0	0.0008239700374531	44.0	fin	0.0008239700374531	62.0	True	True	False	82.71014738589415	orange_high_tension	False	popmax_AF_gt_1e-4; global_AF_gt_1e-5; AC_ge_20; type=SNV; gene_constraint=0.36; detectability=0.82																		
current_2026_high_score_or_red	vital_cross_disease_3000_cross_disease_outliers.csv	ABCA4	VCV000007888	7888	NM_000350.3(ABCA4):c.5882G>A (p.Gly1961Glu)	Pathogenic	reviewed by expert panel	62.0	top100_gene_enriched	False	frequency_observed	SNV	missense	0.003437538052349	5025.0	0.022231575725109	581.0	asj	0.022231575725109	5025.0	True	True	False	80.95535168684621	orange_high_tension	False	popmax_AF_gt_1e-4; global_AF_gt_1e-5; AC_ge_20; type=SNV; gene_constraint=0.53; detectability=0.82																		
current_2026_high_score_or_red	vital_cross_disease_3000_cross_disease_outliers.csv	SPAG1	VCV002053625	2053625	NM_003114.5(SPAG1):c.939+1G>A	Likely pathogenic	criteria provided, multiple submitters, no conflicts	2.0	fully_random_remaining	False	frequency_observed	SNV	LOF	4.925479575215542e-05	71.0	0.0007598251233254	65.0	sas	0.0007598251233254	71.0	True	True	False	80.34662074417048	orange_high_tension	False	popmax_AF_gt_1e-4; global_AF_gt_1e-5; AC_ge_20; type=SNV; gene_constraint=0.25; detectability=0.82																		
current_2026_high_score_or_red	vital_cross_disease_3000_cross_disease_outliers.csv	ACADVL	VCV000429246	429246	NM_000018.4(ACADVL):c.1434G>A (p.Met478Ile)	Likely pathogenic	reviewed by expert panel	10.0	top100_gene_enriched	False	frequency_observed	SNV	missense	2.5994921413248105e-05	38.0	0.0008816120906801	35.0	eas	0.0008816120906801	38.0	True	True	False	80.1527848433807	orange_high_tension	False	popmax_AF_gt_1e-4; global_AF_gt_1e-5; AC_ge_20; type=SNV; gene_constraint=0.21; detectability=0.82																		
current_2026_high_score_or_red	vital_cross_disease_3000_cross_disease_outliers.csv	MSH6	VCV000089488	89488	NM_000179.3(MSH6):c.3959_3962del (p.Ala1320fs)	Pathogenic	reviewed by expert panel	27.0	top100_gene_enriched	True	frequency_observed	deletion	LOF	1.232145864165502e-05	18.0	0.000459242250287	12.0	asj	0.000459242250287	18.0	True	False	False	77.42529793649764	orange_high_tension	False	popmax_AF_gt_1e-4; global_AF_gt_1e-5; type=deletion; gene_constraint=0.50; detectability=0.60																		
current_2026_high_score_or_red	vital_cross_disease_3000_cross_disease_outliers.csv	COL6A3	VCV000196977	196977	NM_004369.4(COL6A3):c.7447A>G (p.Lys2483Glu)	Pathogenic/Likely pathogenic	criteria provided, multiple submitters, no conflicts	19.0	fully_random_remaining	False	frequency_observed	SNV	missense	0.0007367165289911	1077.0	0.0008749905576558	973.0	nfe	0.0008749905576558	1077.0	True	True	False	76.1578285491415	orange_high_tension	False	popmax_AF_gt_1e-4; global_AF_gt_1e-5; AC_ge_20; type=SNV; gene_constraint=0.25; detectability=0.82																		
current_2026_high_score_or_red	vital_cross_disease_3000_cross_disease_outliers.csv	NPHS1	VCV000188734	188734	NM_004646.4(NPHS1):c.2335-1G>A	Pathogenic	criteria provided, multiple submitters, no conflicts	16.0	top100_gene_enriched	False	frequency_observed	SNV	LOF	0.0002852659129808	417.0	0.0006126436400966	37.0	remaining	0.0006126436400966	417.0	True	True	False	74.96120670206338	orange_high_tension	False	popmax_AF_gt_1e-4; global_AF_gt_1e-5; AC_ge_20; type=SNV; gene_constraint=0.35; detectability=0.82																		
current_2026_high_score_or_red	vital_cross_disease_3000_cross_disease_outliers.csv	NCF4	VCV000932309	932309	NM_000631.5(NCF4):c.716G>A (p.Trp239Ter)	Pathogenic	no assertion criteria provided	1.0	fully_random_remaining	False	frequency_observed	SNV	LOF	1.3682174042726691e-06	2.0	0.0003467406380027	2.0	mid	0.0003467406380027	2.0	True	False	True	70.95632093242386	orange_high_tension	False	popmax_AF_gt_1e-4; weak_review; type=SNV; gene_constraint=0.25; detectability=0.82																		
current_2026_high_score_or_red	vital_cross_disease_3000_cross_disease_outliers.csv	ARSA	VCV000370305	370305	NM_000487.6(ARSA):c.418dup (p.His140fs)	Pathogenic	criteria provided, multiple submitters, no conflicts	8.0	fully_random_remaining	False	frequency_observed	duplication	LOF	3.972194637537239e-05	58.0	0.0002663723885992	14.0	fin	0.0002663723885992	58.0	True	True	False	70.78790578987469	orange_high_tension	False	popmax_AF_gt_1e-4; global_AF_gt_1e-5; AC_ge_20; type=duplication; gene_constraint=0.25; detectability=0.39																		
current_2026_high_score_or_red	vital_cross_disease_3000_cross_disease_outliers.csv	DPYD	VCV000555616	555616	NM_000110.4(DPYD):c.704G>A (p.Arg235Gln)	Likely pathogenic	criteria provided, single submitter	3.0	fully_random_remaining	False	frequency_observed	SNV	missense	1.026383530786716e-05	15.0	0.0001736111111111	1.0	mid	0.0001736111111111	15.0	True	False	True	69.33469111590583	yellow_watchlist	False	popmax_AF_gt_1e-4; global_AF_gt_1e-5; weak_review; type=SNV; gene_constraint=0.25; detectability=0.82																		
current_2026_high_score_or_red	vital_cross_disease_3000_cross_disease_outliers.csv	SPG11	VCV000041315	41315	NM_025137.4(SPG11):c.4307_4308del (p.Gln1436fs)	Pathogenic	criteria provided, multiple submitters, no conflicts	15.0	top100_gene_enriched	False	frequency_observed	deletion	LOF	2.5993890067734604e-05	38.0	0.0002389486260454	8.0	afr	0.0002389486260454	38.0	True	True	False	69.15894230022201	yellow_watchlist	False	popmax_AF_gt_1e-4; global_AF_gt_1e-5; AC_ge_20; type=deletion; gene_constraint=0.25; detectability=0.60																		
current_2026_high_score_or_red	vital_cross_disease_3000_cross_disease_outliers.csv	PCCB	VCV000012014	12014	NM_000532.5(PCCB):c.1173dup (p.Val392fs)	Pathogenic	criteria provided, multiple submitters, no conflicts	8.0	fully_random_remaining	False	frequency_observed	duplication	LOF	1.301530325656588e-05	19.0	0.0001734304543877	1.0	mid	0.0001734304543877	19.0	True	False	False	67.76527004489088	yellow_watchlist	False	popmax_AF_gt_1e-4; global_AF_gt_1e-5; type=duplication; gene_constraint=0.25; detectability=0.39																		
current_2026_high_score_or_red	vital_cross_disease_3000_cross_disease_outliers.csv	LZTR1	VCV001751239	1751239	NM_006767.4(LZTR1):c.604_605del (p.Met202fs)	Pathogenic/Likely pathogenic	criteria provided, multiple submitters, no conflicts	4.0	top100_gene_enriched	False	frequency_observed	deletion	LOF	1.573859157396864e-05	23.0	0.0001733703190013	1.0	mid	0.0001733703190013	23.0	True	True	False	67.04190011963806	yellow_watchlist	False	popmax_AF_gt_1e-4; global_AF_gt_1e-5; AC_ge_20; type=deletion; gene_constraint=0.31; detectability=0.60																		
current_2026_high_score_or_red	vital_cross_disease_3000_cross_disease_outliers.csv	COLEC10	VCV000417733	417733	NM_006438.5(COLEC10):c.25C>T (p.Arg9Ter)	Pathogenic	criteria provided, single submitter	3.0	fully_random_remaining	False	frequency_observed	SNV	LOF	2.394518058771051e-05	35.0	0.0001391433408316	12.0	sas	0.0001391433408316	35.0	True	True	True	66.63836417291316	yellow_watchlist	False	popmax_AF_gt_1e-4; global_AF_gt_1e-5; AC_ge_20; weak_review; type=SNV; gene_constraint=0.25; detectability=0.82																		
current_2026_high_score_or_red	vital_cross_disease_3000_cross_disease_outliers.csv	F8	VCV000618104	618104	NM_000132.4(F8):c.1094A>G (p.Tyr365Cys)	Pathogenic	reviewed by expert panel	11.0	top100_gene_enriched	False	frequency_observed	SNV	missense	0.0002587414052755	284.0	0.0003232073577204	272.0	nfe	0.0003232073577204	284.0	True	True	False	66.03564246382038	yellow_watchlist	False	popmax_AF_gt_1e-4; global_AF_gt_1e-5; AC_ge_20; type=SNV; gene_constraint=0.50; detectability=0.82																		
current_2026_high_score_or_red	vital_cross_disease_3000_cross_disease_outliers.csv	DYNC2H1	VCV002721525	2721525	NM_001377.3(DYNC2H1):c.1760G>A (p.Arg587His)	Likely pathogenic	criteria provided, single submitter	1.0	fully_random_remaining	False	frequency_observed	SNV	missense	1.368681822536715e-05	20.0	0.0001009183570491	4.0	eas	0.0001009183570491	20.0	True	True	True	66.01690521225797	yellow_watchlist	False	popmax_AF_gt_1e-4; global_AF_gt_1e-5; AC_ge_20; weak_review; type=SNV; gene_constraint=0.45; detectability=0.82																		
current_2026_high_score_or_red	vital_cross_disease_3000_cross_disease_outliers.csv	TTN	VCV000840250	840250	NM_001267550.2(TTN):c.32887+1G>A	Likely pathogenic	criteria provided, single submitter	1.0	top100_gene_enriched	False	frequency_observed	SNV	LOF	4.323819489183965e-06	6.0	0.0001385502105963	5.0	eas	0.0001385502105963	5.0	True	False	True	65.90781201467668	yellow_watchlist	False	popmax_AF_gt_1e-4; weak_review; type=SNV; gene_constraint=0.63; detectability=0.82																		
current_2026_high_score_or_red	vital_cross_disease_3000_cross_disease_outliers.csv	AGL	VCV000021215	21215	NM_000642.3(AGL):c.2590C>T (p.Arg864Ter)	Pathogenic	criteria provided, multiple submitters, no conflicts	11.0	top100_gene_enriched	False	frequency_observed	SNV	LOF	0.0001245289112341	182.0	0.0002247696111485	12.0	fin	0.0002247696111485	182.0	True	True	False	65.66067095342075	yellow_watchlist	False	popmax_AF_gt_1e-4; global_AF_gt_1e-5; AC_ge_20; type=SNV; gene_constraint=0.44; detectability=0.82																		
current_2026_high_score_or_red	vital_cross_disease_3000_cross_disease_outliers.csv	ERCC2	VCV000634432	634432	NM_000400.4(ERCC2):c.466C>T (p.Arg156Ter)	Pathogenic/Likely pathogenic	criteria provided, multiple submitters, no conflicts	5.0	fully_random_remaining	False	frequency_observed	SNV	LOF	4.584889572592488e-05	67.0	0.0001734304543877	1.0	mid	0.0001734304543877	67.0	True	True	False	65.35854110550042	yellow_watchlist	False	popmax_AF_gt_1e-4; global_AF_gt_1e-5; AC_ge_20; type=SNV; gene_constraint=0.50; detectability=0.82																		
current_2026_high_score_or_red	vital_cross_disease_3000_cross_disease_outliers.csv	ATP7B	VCV000430725	430725	NM_000053.4(ATP7B):c.3305T>C (p.Ile1102Thr)	Pathogenic/Likely pathogenic	criteria provided, multiple submitters, no conflicts	15.0	top100_gene_enriched	False	frequency_observed	SNV	missense	1.1628750100896507e-05	17.0	0.0001623037863154	14.0	sas	0.0001623037863154	17.0	True	False	False	64.99450634715467	yellow_watchlist	False	popmax_AF_gt_1e-4; global_AF_gt_1e-5; type=SNV; gene_constraint=0.35; detectability=0.82																		
current_2026_high_score_or_red	vital_cross_disease_3000_cross_disease_outliers.csv	ABCC2	VCV000498026	498026	NM_000392.5(ABCC2):c.3220_3226del (p.Thr1074fs)	Pathogenic	criteria provided, multiple submitters, no conflicts	2.0	fully_random_remaining	False	frequency_observed	deletion	LOF	4.788374374262077e-06	7.0	0.0002091050304695	7.0	afr	0.0002091050304695	7.0	True	False	False	64.89922119585923	yellow_watchlist	False	popmax_AF_gt_1e-4; type=deletion; gene_constraint=0.25; detectability=0.60																		
current_2026_high_score_or_red	vital_cross_disease_3000_cross_disease_outliers.csv	DYSF	VCV000280068	280068	NM_001130987.2(DYSF):c.4078C>T (p.Arg1360Trp)	Likely pathogenic	reviewed by expert panel	9.0	top100_gene_enriched	False	frequency_observed	SNV	missense	0.0001039802546968	152.0	0.0002782479653117	24.0	sas	0.0002782479653117	152.0	True	True	False	64.79779216412578	yellow_watchlist	False	popmax_AF_gt_1e-4; global_AF_gt_1e-5; AC_ge_20; type=SNV; gene_constraint=0.36; detectability=0.82																		
current_2026_high_score_or_red	vital_cross_disease_3000_cross_disease_outliers.csv	TSHZ3	VCV003063590	3063590	NM_020856.4(TSHZ3):c.188C>T (p.Pro63Leu)	Likely pathogenic	criteria provided, single submitter	1.0	fully_random_remaining	False	frequency_observed	SNV	missense	4.7282036663450574e-05	69.0	0.000134698275862	6.0	amr	0.000134698275862	69.0	True	True	True	64.77321320837811	yellow_watchlist	False	popmax_AF_gt_1e-4; global_AF_gt_1e-5; AC_ge_20; weak_review; type=SNV; gene_constraint=0.25; detectability=0.82																		
current_2026_high_score_or_red	vital_cross_disease_3000_cross_disease_outliers.csv	CTC1	VCV000935334	935334	NM_025099.6(CTC1):c.2386-1G>A	Likely pathogenic	criteria provided, multiple submitters, no conflicts	4.0	fully_random_remaining	False	frequency_observed	SNV	LOF	6.840497386245948e-06	10.0	0.0002267002518891	9.0	eas	0.0002267002518891	9.0	True	False	False	64.48148001040434	yellow_watchlist	False	popmax_AF_gt_1e-4; type=SNV; gene_constraint=0.17; detectability=0.82																		
current_2026_high_score_or_red	vital_cross_disease_3000_cross_disease_outliers.csv	MYO1H	VCV001701926	1701926	NM_001101421.4(MYO1H):c.2454+1G>A	Pathogenic/Likely pathogenic	criteria provided, multiple submitters, no conflicts	2.0	fully_random_remaining	False	frequency_observed	SNV	LOF	2.2585537590547475e-05	33.0	0.0001733703190013	1.0	mid	0.0001733703190013	33.0	True	True	False	64.39189142028914	yellow_watchlist	False	popmax_AF_gt_1e-4; global_AF_gt_1e-5; AC_ge_20; type=SNV; gene_constraint=0.25; detectability=0.82																		
current_2026_high_score_or_red	vital_cross_disease_3000_cross_disease_outliers.csv	SPATA7	VCV000489379	489379	NM_018418.5(SPATA7):c.1171C>T (p.Arg391Ter)	Pathogenic	criteria provided, multiple submitters, no conflicts	4.0	fully_random_remaining	False	frequency_observed	SNV	LOF	2.332335916738352e-05	34.0	0.000173792144595	1.0	mid	0.000173792144595	34.0	True	True	False	64.3511114227037	yellow_watchlist	False	popmax_AF_gt_1e-4; global_AF_gt_1e-5; AC_ge_20; type=SNV; gene_constraint=0.25; detectability=0.82																		
current_2026_high_score_or_red	vital_cross_disease_3000_cross_disease_outliers.csv	NPHS1	VCV000056497	56497	NM_004646.4(NPHS1):c.3250dup (p.Val1084fs)	Pathogenic/Likely pathogenic	criteria provided, multiple submitters, no conflicts	19.0	top100_gene_enriched	False	frequency_observed	duplication	LOF	0.0001517688279188	221.0	0.0001793481101756	199.0	nfe	0.0001793481101756	221.0	True	True	False	64.15285454644062	yellow_watchlist	False	popmax_AF_gt_1e-4; global_AF_gt_1e-5; AC_ge_20; type=duplication; gene_constraint=0.35; detectability=0.39																		
current_2026_high_score_or_red	vital_cross_disease_3000_cross_disease_outliers.csv	DYSF	VCV000094330	94330	NM_001130987.2(DYSF):c.4873C>T (p.Arg1625Ter)	Pathogenic	reviewed by expert panel	13.0	top100_gene_enriched	False	frequency_observed	SNV	LOF	1.8469545088263902e-05	27.0	0.0001733703190013	1.0	mid	0.0001733703190013	27.0	True	True	False	62.900191138011216	yellow_watchlist	False	popmax_AF_gt_1e-4; global_AF_gt_1e-5; AC_ge_20; type=SNV; gene_constraint=0.36; detectability=0.82																		
current_2026_high_score_or_red	vital_cross_disease_3000_cross_disease_outliers.csv	ATP7B	VCV000156284	156284	NM_000053.4(ATP7B):c.2336G>A (p.Trp779Ter)	Pathogenic	criteria provided, multiple submitters, no conflicts	19.0	top100_gene_enriched	False	frequency_observed	SNV	LOF	3.9674613446136926e-05	58.0	0.0001497566454511	8.0	fin	0.0001497566454511	58.0	True	True	False	62.38133083814871	yellow_watchlist	False	popmax_AF_gt_1e-4; global_AF_gt_1e-5; AC_ge_20; type=SNV; gene_constraint=0.35; detectability=0.82																		
current_2026_high_score_or_red	vital_cross_disease_3000_cross_disease_outliers.csv	FANCA	VCV000237048	237048	NM_000135.4(FANCA):c.3391A>G (p.Thr1131Ala)	Pathogenic/Likely pathogenic	criteria provided, multiple submitters, no conflicts	16.0	top100_gene_enriched	False	frequency_observed	SNV	missense	0.0001325212919904	187.0	0.0001631763521511	177.0	nfe	0.0001631763521511	187.0	True	True	False	61.55665256589933	yellow_watchlist	False	popmax_AF_gt_1e-4; global_AF_gt_1e-5; AC_ge_20; type=SNV; gene_constraint=0.42; detectability=0.82																		
current_2026_high_score_or_red	vital_cross_disease_3000_cross_disease_outliers.csv	CAPN1	VCV000225768	225768	NM_005186.4(CAPN1):c.1605+5G>A	Pathogenic/Likely pathogenic	criteria provided, multiple submitters, no conflicts	13.0	fully_random_remaining	False	frequency_observed	SNV	splice_or_intronic	0.0001035178235754	151.0	0.0001734906315058	1.0	mid	0.0001734906315058	151.0	True	True	False	61.094253182291176	yellow_watchlist	False	popmax_AF_gt_1e-4; global_AF_gt_1e-5; AC_ge_20; type=SNV; gene_constraint=0.25; detectability=0.82																		
current_2026_high_score_or_red	vital_cross_disease_3000_cross_disease_outliers.csv	NEB	VCV004814791	4814791	NM_001164508.2(NEB):c.8428_8432del (p.Ala2810fs)	Likely pathogenic	criteria provided, single submitter	1.0	top100_gene_enriched	False	frequency_observed	deletion	LOF	3.420744764550138e-06	5.0	0.0001733703190013	1.0	mid	0.0001733703190013	1.0	True	False	True	60.355959140030514	yellow_watchlist	False	popmax_AF_gt_1e-4; weak_review; type=deletion; gene_constraint=0.36; detectability=0.60																		
baseline_2023_high_score_or_red	vital_cross_disease_3000_2023_01_cross_disease_outliers.csv	THG1L	VCV000441070	441070	NM_017872.5(THG1L):c.164T>C (p.Val55Ala)	Likely pathogenic	criteria provided, single submitter	3.0	fully_random_remaining	False	frequency_observed	SNV	missense	9.872840575027376e-05	143.0	0.0041373443662516	107.0	asj	0.0041373443662516	143.0	True	True	True	90.22538543937368	red_reclassification_priority	True	popmax_AF_gt_1e-4; global_AF_gt_1e-5; AC_ge_20; weak_review; type=SNV; gene_constraint=0.25; detectability=0.83																		
baseline_2023_high_score_or_red	vital_cross_disease_3000_2023_01_cross_disease_outliers.csv	LIPH	VCV000003303	3303	NM_139248.3(LIPH):c.659_660del (p.Ile220fs)	Pathogenic	no assertion criteria provided	1.0	fully_random_remaining	False	frequency_observed	deletion	LOF	4.1064164125251176e-05	60.0	0.0006609461966604	57.0	sas	0.0006609461966604	60.0	True	True	True	87.34567115538377	red_reclassification_priority	True	popmax_AF_gt_1e-4; global_AF_gt_1e-5; AC_ge_20; weak_review; type=deletion; gene_constraint=0.25; detectability=0.61																		
baseline_2023_high_score_or_red	vital_cross_disease_3000_2023_01_cross_disease_outliers.csv	DPYS	VCV001029334	1029334	NM_001385.3(DPYS):c.1468C>T (p.Arg490Cys)	Pathogenic	criteria provided, single submitter	1.0	fully_random_remaining	False	frequency_observed	SNV	missense	4.036114330121316e-05	59.0	0.0007808564231738	31.0	eas	0.0007808564231738	59.0	True	True	True	84.87987803649594	red_reclassification_priority	True	popmax_AF_gt_1e-4; global_AF_gt_1e-5; AC_ge_20; weak_review; type=SNV; gene_constraint=0.12; detectability=0.83																		
baseline_2023_high_score_or_red	vital_cross_disease_3000_2023_01_cross_disease_outliers.csv	EYS	VCV000636023	636023	NM_001142800.2(EYS):c.1211dup (p.Asn404fs)	Pathogenic	criteria provided, single submitter	5.0	top100_gene_enriched	False	frequency_observed	duplication	LOF	1.724387669938405e-05	25.0	0.0003487966515521	2.0	mid	0.0003487966515521	25.0	True	True	True	82.46840313675412	red_reclassification_priority	True	popmax_AF_gt_1e-4; global_AF_gt_1e-5; AC_ge_20; weak_review; type=duplication; gene_constraint=0.42; detectability=0.38																		
baseline_2023_high_score_or_red	vital_cross_disease_3000_2023_01_cross_disease_outliers.csv	MANBA	VCV001705136	1705136	NM_005908.4(MANBA):c.1753C>T (p.Arg585Ter)	Likely pathogenic	criteria provided, single submitter	1.0	fully_random_remaining	False	frequency_observed	SNV	LOF	4.038379665184102e-05	59.0	0.0005204718945176	3.0	mid	0.0005204718945176	59.0	True	True	True	81.28387723816664	red_reclassification_priority	True	popmax_AF_gt_1e-4; global_AF_gt_1e-5; AC_ge_20; weak_review; type=SNV; gene_constraint=0.25; detectability=0.83																		
baseline_2023_high_score_or_red	vital_cross_disease_3000_2023_01_cross_disease_outliers.csv	DNAH5	VCV000970097	970097	NM_001369.3(DNAH5):c.6444+1G>A	Pathogenic	criteria provided, single submitter	2.0	top100_gene_enriched	False	frequency_observed	SNV	LOF	1.983855520591052e-05	29.0	0.0004492867572728	24.0	fin	0.0004492867572728	29.0	True	True	True	81.07083693910656	red_reclassification_priority	True	popmax_AF_gt_1e-4; global_AF_gt_1e-5; AC_ge_20; weak_review; type=SNV; gene_constraint=0.25; detectability=0.83																		
baseline_2023_high_score_or_red	vital_cross_disease_3000_2023_01_cross_disease_outliers.csv	DPYS	VCV001360900	1360900	NM_001385.3(DPYS):c.568C>T (p.Gln190Ter)	Pathogenic	criteria provided, single submitter	1.0	fully_random_remaining	False	frequency_observed	SNV	LOF	1.4365064163953263e-05	21.0	0.0004695465521867	21.0	amr	0.0004695465521867	21.0	True	True	True	81.04861279157089	red_reclassification_priority	True	popmax_AF_gt_1e-4; global_AF_gt_1e-5; AC_ge_20; weak_review; type=SNV; gene_constraint=0.12; detectability=0.83																		
baseline_2023_high_score_or_red	vital_cross_disease_3000_2023_01_cross_disease_outliers.csv	SLC38A8	VCV000988803	988803	NM_001080442.3(SLC38A8):c.264C>G (p.Tyr88Ter)	Pathogenic	no assertion criteria provided	1.0	fully_random_remaining	False	frequency_observed	SNV	LOF	2.052432817032456e-05	30.0	0.0003246602662214	28.0	sas	0.0003246602662214	30.0	True	True	True	79.11694427249816	red_reclassification_priority	True	popmax_AF_gt_1e-4; global_AF_gt_1e-5; AC_ge_20; weak_review; type=SNV; gene_constraint=0.25; detectability=0.83																		
baseline_2023_high_score_or_red	vital_cross_disease_3000_2023_01_cross_disease_outliers.csv	XRCC1	VCV000433531	433531	NM_006297.3(XRCC1):c.1293G>C (p.Lys431Asn)	Pathogenic	no assertion criteria provided	1.0	fully_random_remaining	False	frequency_observed	SNV	missense	1.5051153397250564e-05	22.0	0.0002550606348691	22.0	sas	0.0002550606348691	22.0	True	True	True	76.90883322234902	red_reclassification_priority	True	popmax_AF_gt_1e-4; global_AF_gt_1e-5; AC_ge_20; weak_review; type=SNV; gene_constraint=0.25; detectability=0.83																		
baseline_2023_high_score_or_red	vital_cross_disease_3000_2023_01_cross_disease_outliers.csv	CFAP91	VCV000812096	812096	NM_033364.4(CFAP91):c.124G>C (p.Asp42His)	Pathogenic	no assertion criteria provided	2.0	fully_random_remaining	False	frequency_observed	SNV	missense	0.0001041553888764	152.0	0.000350017500875	2.0	mid	0.000350017500875	152.0	True	True	True	76.48804740907264	red_reclassification_priority	True	popmax_AF_gt_1e-4; global_AF_gt_1e-5; AC_ge_20; weak_review; type=SNV; gene_constraint=0.25; detectability=0.83																		
baseline_2023_high_score_or_red	vital_cross_disease_3000_2023_01_cross_disease_outliers.csv	DMD	VCV000998160	998160	NM_004006.3(DMD):c.4072-267del	Pathogenic	no assertion criteria provided	1.0	top100_gene_enriched	False	frequency_observed	deletion	splice_or_intronic	2.635561633115629e-05	26.0	0.000167455101101	4.0	afr	0.000167455101101	26.0	True	True	True	75.66125776413585	red_reclassification_priority	True	popmax_AF_gt_1e-4; global_AF_gt_1e-5; AC_ge_20; weak_review; type=deletion; gene_constraint=0.62; detectability=0.61																		
baseline_2023_high_score_or_red	vital_cross_disease_3000_2023_01_cross_disease_outliers.csv	VPS13B	VCV001488673	1488673	NM_152564.5(VPS13B):c.9331-2A>G	Likely pathogenic	criteria provided, single submitter	1.0	top100_gene_enriched	False	frequency_observed	SNV	LOF	4.903568265332079e-05	32.0	0.0002889457607529	7.0	sas	0.0002889457607529	32.0	True	True	True	73.6066028671974	red_reclassification_priority	True	popmax_AF_gt_1e-4; global_AF_gt_1e-5; AC_ge_20; weak_review; type=SNV; gene_constraint=0.23; detectability=0.83																		
baseline_2023_high_score_or_red	vital_cross_disease_3000_2023_01_cross_disease_outliers.csv	IFNAR2	VCV000218160	218160	NM_001289125.3(IFNAR2):c.311del (p.Glu104fs)	Pathogenic	no assertion criteria provided	1.0	fully_random_remaining	False	frequency_observed	deletion	LOF	3.4207400839586444e-05	50.0	0.0001497566454511	8.0	fin	0.0001497566454511	50.0	True	True	True	70.01093563378913	red_reclassification_priority	True	popmax_AF_gt_1e-4; global_AF_gt_1e-5; AC_ge_20; weak_review; type=deletion; gene_constraint=0.25; detectability=0.61																		
baseline_2023_high_score_or_red	vital_cross_disease_3000_2023_01_cross_disease_outliers.csv	ABCC8	VCV000009099	9099	NM_000352.6(ABCC8):c.560T>A (p.Val187Asp)	Pathogenic	criteria provided, multiple submitters, no conflicts	4.0	fully_random_remaining	False	frequency_observed	SNV	missense	5.29856374516248e-05	77.0	0.0014018868639411	74.0	fin	0.0014018868639411	77.0	True	True	False	86.72676170442226	orange_high_tension	False	popmax_AF_gt_1e-4; global_AF_gt_1e-5; AC_ge_20; type=SNV; gene_constraint=0.50; detectability=0.83																		
baseline_2023_high_score_or_red	vital_cross_disease_3000_2023_01_cross_disease_outliers.csv	ABCA4	VCV000099135	99135	NM_000350.3(ABCA4):c.2453G>A (p.Gly818Glu)	Pathogenic	criteria provided, multiple submitters, no conflicts	6.0	fully_random_remaining	False	frequency_observed	SNV	missense	4.377894369617413e-05	64.0	0.0014086396565602	63.0	amr	0.0014086396565602	64.0	True	True	False	86.3183275086954	orange_high_tension	False	popmax_AF_gt_1e-4; global_AF_gt_1e-5; AC_ge_20; type=SNV; gene_constraint=0.42; detectability=0.83																		
baseline_2023_high_score_or_red	vital_cross_disease_3000_2023_01_cross_disease_outliers.csv	ATP7B	VCV000003862	3862	NM_000053.4(ATP7B):c.1934T>G (p.Met645Arg)	Pathogenic/Likely pathogenic	criteria provided, multiple submitters, no conflicts	18.0	top100_gene_enriched	False	frequency_observed	SNV	missense	0.0002025200056924	296.0	0.0023701981127856	106.0	amr	0.0023701981127856	296.0	True	True	False	85.45557130559811	orange_high_tension	False	popmax_AF_gt_1e-4; global_AF_gt_1e-5; AC_ge_20; type=SNV; gene_constraint=0.55; detectability=0.83																		
baseline_2023_high_score_or_red	vital_cross_disease_3000_2023_01_cross_disease_outliers.csv	NR5A1	VCV001244229	1244229	NM_004959.5(NR5A1):c.712G>A (p.Asp238Asn)	Likely pathogenic	criteria provided, multiple submitters, no conflicts	2.0	fully_random_remaining	False	frequency_observed	SNV	missense	3.315228502124509e-05	48.0	0.0012246326102169	7.0	mid	0.0012246326102169	48.0	True	True	False	84.95144942821322	orange_high_tension	False	popmax_AF_gt_1e-4; global_AF_gt_1e-5; AC_ge_20; type=SNV; gene_constraint=0.25; detectability=0.83																		
baseline_2023_high_score_or_red	vital_cross_disease_3000_2023_01_cross_disease_outliers.csv	HBB	VCV000015161	15161	NM_000518.5(HBB):c.79G>A (p.Glu27Lys)	Pathogenic	criteria provided, multiple submitters, no conflicts	19.0	top100_gene_enriched	True	frequency_observed	SNV	missense	0.0002039146131507	298.0	0.0022493275206381	194.0	sas	0.0022493275206381	298.0	True	True	False	84.82700945598599	orange_high_tension	False	popmax_AF_gt_1e-4; global_AF_gt_1e-5; AC_ge_20; type=SNV; gene_constraint=0.50; detectability=0.83																		
baseline_2023_high_score_or_red	vital_cross_disease_3000_2023_01_cross_disease_outliers.csv	ABCA4	VCV000377402	377402	NM_000350.3(ABCA4):c.1531C>T (p.Arg511Cys)	Pathogenic/Likely pathogenic	criteria provided, multiple submitters, no conflicts	6.0	top100_gene_enriched	False	frequency_observed	SNV	missense	8.007095518490231e-05	117.0	0.001234879032258	49.0	eas	0.001234879032258	117.0	True	True	False	84.72140140741314	orange_high_tension	False	popmax_AF_gt_1e-4; global_AF_gt_1e-5; AC_ge_20; type=SNV; gene_constraint=0.42; detectability=0.83																		
baseline_2023_high_score_or_red	vital_cross_disease_3000_2023_01_cross_disease_outliers.csv	GNPTAB	VCV000038414	38414	NM_024312.5(GNPTAB):c.1581del (p.Cys528fs)	Pathogenic	criteria provided, multiple submitters, no conflicts	5.0	top100_gene_enriched	False	frequency_observed	deletion	LOF	9.303471015583314e-05	136.0	0.0024712622158984	132.0	fin	0.0024712622158984	136.0	True	True	False	84.64645390517319	orange_high_tension	False	popmax_AF_gt_1e-4; global_AF_gt_1e-5; AC_ge_20; type=deletion; gene_constraint=0.17; detectability=0.61																		
baseline_2023_high_score_or_red	vital_cross_disease_3000_2023_01_cross_disease_outliers.csv	LAMA2	VCV000431964	431964	NM_000426.4(LAMA2):c.7074C>A (p.Tyr2358Ter)	Pathogenic	criteria provided, multiple submitters, no conflicts	5.0	top100_gene_enriched	False	frequency_observed	SNV	LOF	1.71280506771061e-05	25.0	0.0007293106095501	19.0	asj	0.0007293106095501	25.0	True	True	False	83.17554253833481	orange_high_tension	False	popmax_AF_gt_1e-4; global_AF_gt_1e-5; AC_ge_20; type=SNV; gene_constraint=0.35; detectability=0.83																		
baseline_2023_high_score_or_red	vital_cross_disease_3000_2023_01_cross_disease_outliers.csv	UROS	VCV000030626	30626	NM_000375.3(UROS):c.661-31T>G	Pathogenic	no assertion criteria provided	1.0	fully_random_remaining	False	frequency_observed	SNV	splice_or_intronic	1.1647186176845396e-05	17.0	0.0004215851602023	11.0	asj	0.0004215851602023	17.0	True	False	True	82.45458589745552	orange_high_tension	False	popmax_AF_gt_1e-4; global_AF_gt_1e-5; weak_review; type=SNV; gene_constraint=0.25; detectability=0.83																		
baseline_2023_high_score_or_red	vital_cross_disease_3000_2023_01_cross_disease_outliers.csv	ABCA4	VCV000283573	283573	NM_000350.3(ABCA4):c.6729+5_6729+19del	Pathogenic/Likely pathogenic	criteria provided, multiple submitters, no conflicts	12.0	top100_gene_enriched	False	frequency_observed	deletion	splice_or_intronic	3.762958259898633e-05	55.0	0.0006380954590806	55.0	sas	0.0006380954590806	55.0	True	True	False	81.78179326878927	orange_high_tension	False	popmax_AF_gt_1e-4; global_AF_gt_1e-5; AC_ge_20; type=deletion; gene_constraint=0.42; detectability=0.61																		
baseline_2023_high_score_or_red	vital_cross_disease_3000_2023_01_cross_disease_outliers.csv	BLM	VCV000042071	42071	NM_000057.4(BLM):c.2506_2507del (p.Arg836fs)	Pathogenic	criteria provided, multiple submitters, no conflicts	8.0	top100_gene_enriched	False	frequency_observed	deletion	LOF	1.5049959023066114e-05	22.0	0.0004695675506462	21.0	amr	0.0004695675506462	22.0	True	True	False	80.3174385840577	orange_high_tension	False	popmax_AF_gt_1e-4; global_AF_gt_1e-5; AC_ge_20; type=deletion; gene_constraint=0.44; detectability=0.61																		
baseline_2023_high_score_or_red	vital_cross_disease_3000_2023_01_cross_disease_outliers.csv	CAPN3	VCV000017617	17617	NM_000070.3(CAPN3):c.956C>T (p.Pro319Leu)	Pathogenic/Likely pathogenic	criteria provided, multiple submitters, no conflicts	6.0	fully_random_remaining	False	frequency_observed	SNV	missense	2.0533459271883533e-05	30.0	0.0005204718945176	3.0	mid	0.0005204718945176	30.0	True	True	False	79.62760231251343	orange_high_tension	False	popmax_AF_gt_1e-4; global_AF_gt_1e-5; AC_ge_20; type=SNV; gene_constraint=0.44; detectability=0.83																		
baseline_2023_high_score_or_red	vital_cross_disease_3000_2023_01_cross_disease_outliers.csv	CYP27A1	VCV000004260	4260	NM_000784.4(CYP27A1):c.1214G>A (p.Arg405Gln)	Pathogenic/Likely pathogenic	criteria provided, multiple submitters, no conflicts	11.0	fully_random_remaining	False	frequency_observed	SNV	missense	2.530980570277806e-05	37.0	0.000528967254408	21.0	eas	0.000528967254408	37.0	True	True	False	76.65850194671783	orange_high_tension	False	popmax_AF_gt_1e-4; global_AF_gt_1e-5; AC_ge_20; type=SNV; gene_constraint=0.17; detectability=0.83																		
baseline_2023_high_score_or_red	vital_cross_disease_3000_2023_01_cross_disease_outliers.csv	ABCC6	VCV000433415	433415	NM_001171.6(ABCC6):c.373G>T (p.Glu125Ter)	Likely pathogenic	no assertion criteria provided	1.0	fully_random_remaining	False	frequency_observed	SNV	LOF	1.3191780641208484e-05	18.0	0.0002287573392979	18.0	sas	0.0002287573392979	18.0	True	False	True	75.23781828689188	orange_high_tension	False	popmax_AF_gt_1e-4; global_AF_gt_1e-5; weak_review; type=SNV; gene_constraint=0.25; detectability=0.83																		
baseline_2023_high_score_or_red	vital_cross_disease_3000_2023_01_cross_disease_outliers.csv	PAH	VCV000000576	576	NM_000277.3(PAH):c.1315+1G>A	Pathogenic	reviewed by expert panel	29.0	top100_gene_enriched	True	frequency_observed	SNV	LOF	0.0010049282402173	1449.0	0.0012934777640659	1415.0	nfe	0.0012934777640659	1449.0	True	True	False	75.16210731168302	orange_high_tension	False	popmax_AF_gt_1e-4; global_AF_gt_1e-5; AC_ge_20; type=SNV; gene_constraint=0.30; detectability=0.83																		
baseline_2023_high_score_or_red	vital_cross_disease_3000_2023_01_cross_disease_outliers.csv	HBA1	VCV001331033	1331033	NM_000558.5(HBA1):c.328del (p.Leu110fs)	Pathogenic/Likely pathogenic	criteria provided, multiple submitters, no conflicts	3.0	fully_random_remaining	False	frequency_observed	deletion	LOF	8.21413707751955e-06	12.0	0.0006934812760055	4.0	mid	0.0006934812760055	4.0	True	False	False	74.98674245838266	orange_high_tension	False	popmax_AF_gt_1e-4; type=deletion; gene_constraint=0.25; detectability=0.61																		
baseline_2023_high_score_or_red	vital_cross_disease_3000_2023_01_cross_disease_outliers.csv	MMACHC	VCV000203835	203835	NM_015506.3(MMACHC):c.328_331del (p.Asn110fs)	Pathogenic	criteria provided, multiple submitters, no conflicts	8.0	fully_random_remaining	False	frequency_observed	deletion	LOF	1.6417530639216556e-05	24.0	0.0003801091136749	17.0	amr	0.0003801091136749	24.0	True	True	False	74.47935665280023	orange_high_tension	False	popmax_AF_gt_1e-4; global_AF_gt_1e-5; AC_ge_20; type=deletion; gene_constraint=0.12; detectability=0.61																		
baseline_2023_high_score_or_red	vital_cross_disease_3000_2023_01_cross_disease_outliers.csv	ATP7B	VCV000189149	189149	NM_000053.4(ATP7B):c.3895C>T (p.Leu1299Phe)	Pathogenic/Likely pathogenic	criteria provided, multiple submitters, no conflicts	7.0	top100_gene_enriched	False	frequency_observed	SNV	missense	1.573488766658457e-05	23.0	0.000255054720831	22.0	sas	0.000255054720831	23.0	True	True	False	72.81208697929178	orange_high_tension	False	popmax_AF_gt_1e-4; global_AF_gt_1e-5; AC_ge_20; type=SNV; gene_constraint=0.55; detectability=0.83																		
baseline_2023_high_score_or_red	vital_cross_disease_3000_2023_01_cross_disease_outliers.csv	NPC1	VCV000372775	372775	NM_000271.5(NPC1):c.2201G>T (p.Ser734Ile)	Pathogenic/Likely pathogenic	criteria provided, multiple submitters, no conflicts	5.0	top100_gene_enriched	False	frequency_observed	SNV	missense	4.038235934276683e-05	59.0	0.0003130310347911	14.0	amr	0.0003130310347911	59.0	True	True	False	71.60057157223785	orange_high_tension	False	popmax_AF_gt_1e-4; global_AF_gt_1e-5; AC_ge_20; type=SNV; gene_constraint=0.39; detectability=0.83																		
baseline_2023_high_score_or_red	vital_cross_disease_3000_2023_01_cross_disease_outliers.csv	BARD1	VCV000460754	460754	NM_000465.4(BARD1):c.513dup (p.Asp172fs)	Pathogenic	criteria provided, single submitter	1.0	top100_gene_enriched	False	frequency_observed	duplication	LOF	5.473933130432879e-06	8.0	0.0001502686051316	8.0	fin	0.0001502686051316	8.0	True	False	True	70.17050418936859	orange_high_tension	False	popmax_AF_gt_1e-4; weak_review; type=duplication; gene_constraint=0.50; detectability=0.38																		
baseline_2023_high_score_or_red	vital_cross_disease_3000_2023_01_cross_disease_outliers.csv	CEP290	VCV000530911	530911	NM_025114.4(CEP290):c.1078C>T (p.Arg360Ter)	Pathogenic	criteria provided, multiple submitters, no conflicts	6.0	top100_gene_enriched	False	frequency_observed	SNV	LOF	1.9026401726905407e-05	22.0	0.0002274565305297	9.0	sas	0.0002274565305297	22.0	True	True	False	69.28191064364594	yellow_watchlist	False	popmax_AF_gt_1e-4; global_AF_gt_1e-5; AC_ge_20; type=SNV; gene_constraint=0.38; detectability=0.83																		
baseline_2023_high_score_or_red	vital_cross_disease_3000_2023_01_cross_disease_outliers.csv	FANCA	VCV000545114	545114	NM_000135.4(FANCA):c.4261-2A>C	Pathogenic	criteria provided, multiple submitters, no conflicts	3.0	top100_gene_enriched	False	frequency_observed	SNV	LOF	1.2315709097477467e-05	18.0	0.0001733703190013	1.0	mid	0.0001733703190013	18.0	True	False	False	69.07603035859758	yellow_watchlist	False	popmax_AF_gt_1e-4; global_AF_gt_1e-5; type=SNV; gene_constraint=0.65; detectability=0.83																		
baseline_2023_high_score_or_red	vital_cross_disease_3000_2023_01_cross_disease_outliers.csv	ADGRV1	VCV000503620	503620	NM_032119.4(ADGRV1):c.17668_17669del (p.Met5890fs)	Pathogenic	criteria provided, multiple submitters, no conflicts	5.0	top100_gene_enriched	False	frequency_observed	deletion	LOF	8.026133639927065e-05	117.0	0.0002242755898448	10.0	amr	0.0002242755898448	117.0	True	True	False	68.48239146014008	yellow_watchlist	False	popmax_AF_gt_1e-4; global_AF_gt_1e-5; AC_ge_20; type=deletion; gene_constraint=0.50; detectability=0.61																		
baseline_2023_high_score_or_red	vital_cross_disease_3000_2023_01_cross_disease_outliers.csv	DSPP	VCV000627439	627439	NM_014208.3(DSPP):c.3248_3249insC (p.Glu1083fs)	Likely pathogenic	no assertion criteria provided	1.0	fully_random_remaining	False	frequency_observed	insertion	LOF	6.441567619895978e-06	7.0	0.0001755741273965	5.0	afr	0.0001755741273965	5.0	True	False	True	67.048087251391	yellow_watchlist	False	popmax_AF_gt_1e-4; weak_review; type=insertion; gene_constraint=0.25; detectability=0.57																		
baseline_2023_high_score_or_red	vital_cross_disease_3000_2023_01_cross_disease_outliers.csv	TBX4	VCV001341438	1341438	NM_001321120.2(TBX4):c.316G>A (p.Gly106Ser)	Likely pathogenic	criteria provided, single submitter	1.0	fully_random_remaining	False	frequency_observed	SNV	missense	9.987303811045684e-05	146.0	0.0001821433302424	11.0	remaining	0.0001821433302424	146.0	True	True	True	66.77811146976359	yellow_watchlist	False	popmax_AF_gt_1e-4; global_AF_gt_1e-5; AC_ge_20; weak_review; type=SNV; gene_constraint=0.25; detectability=0.83																		
baseline_2023_high_score_or_red	vital_cross_disease_3000_2023_01_cross_disease_outliers.csv	PYROXD1	VCV001452765	1452765	NM_024854.5(PYROXD1):c.892_895del (p.Val298fs)	Pathogenic	criteria provided, single submitter	1.0	fully_random_remaining	False	frequency_observed	deletion	LOF	2.476330408511973e-05	36.0	0.0001202935161794	4.0	afr	0.0001202935161794	36.0	True	True	True	66.09603625449085	yellow_watchlist	False	popmax_AF_gt_1e-4; global_AF_gt_1e-5; AC_ge_20; weak_review; type=deletion; gene_constraint=0.25; detectability=0.61																		
baseline_2023_high_score_or_red	vital_cross_disease_3000_2023_01_cross_disease_outliers.csv	SLC25A20	VCV000936127	936127	NM_000387.6(SLC25A20):c.198+2T>C	Likely pathogenic	criteria provided, multiple submitters, no conflicts	3.0	fully_random_remaining	False	frequency_observed	SNV	LOF	5.48437296478347e-06	8.0	0.0002395209580838	8.0	afr	0.0002395209580838	8.0	True	False	False	65.78425155093733	yellow_watchlist	False	popmax_AF_gt_1e-4; type=SNV; gene_constraint=0.25; detectability=0.83																		
baseline_2023_high_score_or_red	vital_cross_disease_3000_2023_01_cross_disease_outliers.csv	SPR	VCV000012941	12941	NM_003124.5(SPR):c.448A>G (p.Arg150Gly)	Pathogenic	criteria provided, multiple submitters, no conflicts	6.0	fully_random_remaining	False	frequency_observed	SNV	missense	8.82519545413498e-05	129.0	0.0002461070341865	11.0	amr	0.0002461070341865	129.0	True	True	False	65.64127682809811	yellow_watchlist	False	popmax_AF_gt_1e-4; global_AF_gt_1e-5; AC_ge_20; type=SNV; gene_constraint=0.25; detectability=0.83																		
baseline_2023_high_score_or_red	vital_cross_disease_3000_2023_01_cross_disease_outliers.csv	PKHD1	VCV000188896	188896	NM_138694.4(PKHD1):c.10444C>T (p.Arg3482Cys)	Pathogenic/Likely pathogenic	criteria provided, multiple submitters, no conflicts	6.0	top100_gene_enriched	False	frequency_observed	SNV	missense	2.3262305759746903e-05	34.0	0.0001734906315058	1.0	mid	0.0001734906315058	34.0	True	True	False	64.36081467267525	yellow_watchlist	False	popmax_AF_gt_1e-4; global_AF_gt_1e-5; AC_ge_20; type=SNV; gene_constraint=0.25; detectability=0.83																		
baseline_2023_high_score_or_red	vital_cross_disease_3000_2023_01_cross_disease_outliers.csv	CAPN3	VCV000281689	281689	NM_000070.3(CAPN3):c.2361_2362insTC (p.Arg788fs)	Pathogenic	criteria provided, multiple submitters, no conflicts	4.0	top100_gene_enriched	False	frequency_observed	insertion	LOF	0.0001074193226151	157.0	0.0001788908765652	8.0	amr	0.0001788908765652	157.0	True	True	False	64.26576328270713	yellow_watchlist	False	popmax_AF_gt_1e-4; global_AF_gt_1e-5; AC_ge_20; type=insertion; gene_constraint=0.44; detectability=0.57																		
baseline_2023_high_score_or_red	vital_cross_disease_3000_2023_01_cross_disease_outliers.csv	RPH3A	VCV000801393	801393	NM_001143854.2(RPH3A):c.763G>C (p.Gly255Arg)	Pathogenic	criteria provided, single submitter	1.0	fully_random_remaining	False	frequency_observed	SNV	missense	1.0260900496627584e-05	15.0	0.0001118067978533	5.0	amr	0.0001118067978533	15.0	True	False	True	64.10455590043591	yellow_watchlist	False	popmax_AF_gt_1e-4; global_AF_gt_1e-5; weak_review; type=SNV; gene_constraint=0.25; detectability=0.83																		
baseline_2023_high_score_or_red	vital_cross_disease_3000_2023_01_cross_disease_outliers.csv	VWF	VCV001065279	1065279	NM_000552.5(VWF):c.2430C>A (p.Cys810Ter)	Pathogenic	no assertion criteria provided	1.0	top100_gene_enriched	False	frequency_observed	SNV	LOF	6.84094662282988e-07	1.0	0.0001737317581653	1.0	mid	0.0001737317581653	1.0	True	False	True	64.06467509179312	yellow_watchlist	False	popmax_AF_gt_1e-4; weak_review; type=SNV; gene_constraint=0.50; detectability=0.83																		
baseline_2023_high_score_or_red	vital_cross_disease_3000_2023_01_cross_disease_outliers.csv	ASS1	VCV000006326	6326	NM_054012.4(ASS1):c.539G>A (p.Ser180Asn)	Pathogenic/Likely pathogenic	criteria provided, multiple submitters, no conflicts	8.0	fully_random_remaining	False	frequency_observed	SNV	missense	9.235088410579717e-05	135.0	0.0002152531708447	13.0	remaining	0.0002152531708447	135.0	True	True	False	63.94289531059863	yellow_watchlist	False	popmax_AF_gt_1e-4; global_AF_gt_1e-5; AC_ge_20; type=SNV; gene_constraint=0.25; detectability=0.83																		
baseline_2023_high_score_or_red	vital_cross_disease_3000_2023_01_cross_disease_outliers.csv	DPYS	VCV000284276	284276	NM_001385.3(DPYS):c.424-1G>A	Pathogenic	criteria provided, single submitter	1.0	fully_random_remaining	False	frequency_observed	SNV	LOF	6.156734030458047e-06	9.0	0.000156522516882	7.0	amr	0.000156522516882	7.0	True	False	True	63.42831303797614	yellow_watchlist	False	popmax_AF_gt_1e-4; weak_review; type=SNV; gene_constraint=0.12; detectability=0.83																		
baseline_2023_high_score_or_red	vital_cross_disease_3000_2023_01_cross_disease_outliers.csv	COL17A1	VCV000017650	17650	NM_000494.4(COL17A1):c.3908G>A (p.Arg1303Gln)	Pathogenic/Likely pathogenic	criteria provided, multiple submitters, no conflicts	4.0	fully_random_remaining	False	frequency_observed	SNV	missense	0.0001197858912754	175.0	0.0002088942530869	18.0	sas	0.0002088942530869	175.0	True	True	False	63.01993796207846	yellow_watchlist	False	popmax_AF_gt_1e-4; global_AF_gt_1e-5; AC_ge_20; type=SNV; gene_constraint=0.25; detectability=0.83																		
baseline_2023_high_score_or_red	vital_cross_disease_3000_2023_01_cross_disease_outliers.csv	KIAA0586	VCV000854917	854917	NM_001329943.3(KIAA0586):c.3668C>G (p.Ser1223Ter)	Pathogenic	criteria provided, single submitter	1.0	fully_random_remaining	False	frequency_observed	SNV	LOF	4.104966736086215e-06	6.0	0.0001341621573274	6.0	amr	0.0001341621573274	6.0	True	False	True	62.84028885513	yellow_watchlist	False	popmax_AF_gt_1e-4; weak_review; type=SNV; gene_constraint=0.25; detectability=0.83																		
baseline_2023_high_score_or_red	vital_cross_disease_3000_2023_01_cross_disease_outliers.csv	EXPH5	VCV001304972	1304972	NM_015065.3(EXPH5):c.2542del (p.His848fs)	Pathogenic	no assertion criteria provided	1.0	fully_random_remaining	False	frequency_observed	deletion	LOF	6.848470736484543e-07	1.0	0.0001737317581653	1.0	mid	0.0001737317581653	1.0	True	False	True	62.80910552182735	yellow_watchlist	False	popmax_AF_gt_1e-4; weak_review; type=deletion; gene_constraint=0.25; detectability=0.61																		
baseline_2023_high_score_or_red	vital_cross_disease_3000_2023_01_cross_disease_outliers.csv	FRA10AC1	VCV001722518	1722518	NM_145246.5(FRA10AC1):c.481C>T (p.Arg161Ter)	Pathogenic	no assertion criteria provided	1.0	fully_random_remaining	False	frequency_observed	SNV	LOF	7.090480439137088e-05	96.0	0.0001004742384052	5.0	fin	0.0001004742384052	96.0	True	True	True	62.41711438247205	yellow_watchlist	False	popmax_AF_gt_1e-4; global_AF_gt_1e-5; AC_ge_20; weak_review; type=SNV; gene_constraint=0.25; detectability=0.83																		
baseline_2023_high_score_or_red	vital_cross_disease_3000_2023_01_cross_disease_outliers.csv	PGM3	VCV001696177	1696177	NM_015599.3(PGM3):c.1539+2T>C	Likely pathogenic	criteria provided, single submitter	1.0	fully_random_remaining	False	frequency_observed	SNV	LOF	1.3683447134001998e-06	2.0	0.0001733703190013	1.0	mid	0.0001733703190013	1.0	True	False	True	62.04432459685727	yellow_watchlist	False	popmax_AF_gt_1e-4; weak_review; type=SNV; gene_constraint=0.50; detectability=0.83																		
baseline_2023_high_score_or_red	vital_cross_disease_3000_2023_01_cross_disease_outliers.csv	PAH	VCV000000581	581	NM_000277.3(PAH):c.331C>T (p.Arg111Ter)	Pathogenic	reviewed by expert panel	12.0	top100_gene_enriched	True	frequency_observed	SNV	LOF	5.678179917577456e-05	83.0	0.000201562106324	8.0	eas	0.000201562106324	83.0	True	True	False	61.71418642655996	yellow_watchlist	False	popmax_AF_gt_1e-4; global_AF_gt_1e-5; AC_ge_20; type=SNV; gene_constraint=0.30; detectability=0.83																		
baseline_2023_high_score_or_red	vital_cross_disease_3000_2023_01_cross_disease_outliers.csv	CFTR	VCV000007112	7112	NM_000492.4(CFTR):c.1585-1G>A	Pathogenic	practice guideline	26.0	top100_gene_enriched	True	frequency_observed	SNV	LOF	0.000147843369713	212.0	0.0001886052960367	205.0	nfe	0.0001886052960367	212.0	True	True	False	61.61194108274454	yellow_watchlist	False	popmax_AF_gt_1e-4; global_AF_gt_1e-5; AC_ge_20; type=SNV; gene_constraint=0.58; detectability=0.83																		
baseline_2023_high_score_or_red	vital_cross_disease_3000_2023_01_cross_disease_outliers.csv	PAH	VCV000000613	613	NM_000277.3(PAH):c.896T>G (p.Phe299Cys)	Pathogenic	criteria provided, multiple submitters, no conflicts	12.0	fully_random_remaining	True	frequency_observed	SNV	missense	0.0001450340214239	212.0	0.0001798732613	200.0	nfe	0.0001798732613	212.0	True	True	False	61.31822008295684	yellow_watchlist	False	popmax_AF_gt_1e-4; global_AF_gt_1e-5; AC_ge_20; type=SNV; gene_constraint=0.30; detectability=0.83																		
baseline_2023_high_score_or_red	vital_cross_disease_3000_2023_01_cross_disease_outliers.csv	AGL	VCV000555949	555949	NM_000642.3(AGL):c.2950-2A>C	Likely pathogenic	criteria provided, single submitter	1.0	top100_gene_enriched	False	frequency_observed	SNV	LOF	6.843334181906772e-07	1.0	0.0001736111111111	1.0	mid	0.0001736111111111	1.0	True	False	True	61.22455354992936	yellow_watchlist	False	popmax_AF_gt_1e-4; weak_review; type=SNV; gene_constraint=0.42; detectability=0.83																		
baseline_2023_high_score_or_red	vital_cross_disease_3000_2023_01_cross_disease_outliers.csv	CPLANE1	VCV001369735	1369735	NM_001384732.1(CPLANE1):c.6477del (p.Ser2160fs)	Pathogenic/Likely pathogenic	criteria provided, multiple submitters, no conflicts	2.0	fully_random_remaining	False	frequency_observed	deletion	LOF	2.896391923204237e-05	42.0	0.0001003310926055	6.0	remaining	0.0001003310926055	42.0	True	True	False	61.08860896323975	yellow_watchlist	False	popmax_AF_gt_1e-4; global_AF_gt_1e-5; AC_ge_20; type=deletion; gene_constraint=0.50; detectability=0.61																		
baseline_2023_high_score_or_red	vital_cross_disease_3000_2023_01_cross_disease_outliers.csv	ABCA4	VCV001472288	1472288	NM_000350.3(ABCA4):c.2915C>T (p.Thr972Ile)	Likely pathogenic	criteria provided, single submitter	1.0	top100_gene_enriched	False	frequency_observed	SNV	missense	4.104534279018031e-06	6.0	0.0001194814505048	4.0	afr	0.0001194814505048	4.0	True	False	True	60.91277684212045	yellow_watchlist	False	popmax_AF_gt_1e-4; weak_review; type=SNV; gene_constraint=0.42; detectability=0.83																		
baseline_2023_high_score_or_red	vital_cross_disease_3000_2023_01_cross_disease_outliers.csv	CP	VCV000373141	373141	NM_000096.4(CP):c.147-2A>G	Pathogenic	criteria provided, single submitter	1.0	fully_random_remaining	False	frequency_observed	SNV	LOF	4.7914881266924224e-06	7.0	0.0001261288532364	5.0	eas	0.0001261288532364	5.0	True	False	True	60.7544136947292	yellow_watchlist	False	popmax_AF_gt_1e-4; weak_review; type=SNV; gene_constraint=0.25; detectability=0.83																		
baseline_2023_high_score_or_red	vital_cross_disease_3000_2023_01_cross_disease_outliers.csv	ACAD8	VCV000848313	848313	NM_014384.3(ACAD8):c.348C>A (p.Cys116Ter)	Pathogenic	criteria provided, single submitter	1.0	fully_random_remaining	False	frequency_observed	SNV	LOF	8.072018825589668e-05	118.0	0.0001052158273381	117.0	nfe	0.0001052158273381	118.0	True	True	True	60.68630653495848	yellow_watchlist	False	popmax_AF_gt_1e-4; global_AF_gt_1e-5; AC_ge_20; weak_review; type=SNV; gene_constraint=0.25; detectability=0.83																		
baseline_2023_high_score_or_red	vital_cross_disease_3000_2023_01_cross_disease_outliers.csv	RYR1	VCV000640792	640792	NM_000540.3(RYR1):c.3253G>A (p.Gly1085Ser)	Likely pathogenic	criteria provided, single submitter	1.0	top100_gene_enriched	False	frequency_observed	SNV	missense	2.394177360658877e-05	35.0	6.622955162593549e-05	4.0	remaining	6.622955162593549e-05	35.0	True	True	True	60.297131129993375	yellow_watchlist	False	popmax_AF_gt_1e-5; global_AF_gt_1e-5; AC_ge_20; weak_review; type=SNV; gene_constraint=0.50; detectability=0.83																		
baseline_2023_high_score_or_red	vital_cross_disease_3000_2023_01_cross_disease_outliers.csv	ERCC1	VCV000978472	978472	NM_001983.4(ERCC1):c.466C>T (p.Arg156Trp)	Pathogenic/Likely pathogenic	criteria provided, multiple submitters, no conflicts	3.0	fully_random_remaining	False	frequency_observed	SNV	missense	0.0001341611676724	194.0	0.0001658224521787	183.0	nfe	0.0001658224521787	194.0	True	True	False	60.01604530123379	yellow_watchlist	False	popmax_AF_gt_1e-4; global_AF_gt_1e-5; AC_ge_20; type=SNV; gene_constraint=0.25; detectability=0.83																		
historical_2023_red_followup	vital_cross_disease_3000_2023_01_to_current_vital_historical_predictions.csv		VCV000441070	441070				3.0			frequency_observed			9.872840575027376e-05	143.0	0.0041373443662516	107.0		0.0041373443662516	143.0		True		90.22538543937368	red_reclassification_priority	True	popmax_AF_gt_1e-4; global_AF_gt_1e-5; AC_ge_20; weak_review; type=SNV; gene_constraint=0.25; detectability=0.83	THG1L	THG1L	5:157731604:T:C	5:157731604:T:C	NM_017872.5(THG1L):c.164T>C (p.Val55Ala)	P_LP	P_LP	Pathogenic/Likely pathogenic	criteria provided, single submitter	criteria provided, single submitter	single_submitter	1.0	exact_match	False	False	True	True	True
historical_2023_red_followup	vital_cross_disease_3000_2023_01_to_current_vital_historical_predictions.csv		VCV000003303	3303				1.0			frequency_observed			4.1064164125251176e-05	60.0	0.0006609461966604	57.0		0.0006609461966604	60.0		True		87.34567115538377	red_reclassification_priority	True	popmax_AF_gt_1e-4; global_AF_gt_1e-5; AC_ge_20; weak_review; type=deletion; gene_constraint=0.25; detectability=0.61	LIPH	LIPH	3:185524128:CTA:C	3:185524128:CTA:C	NM_139248.3(LIPH):c.659_660del (p.Ile220fs)	P_LP	P_LP	Pathogenic	no assertion criteria provided	no assertion criteria provided	weak_or_no_assertion	0.0	exact_match	False	False	False	True	True
historical_2023_red_followup	vital_cross_disease_3000_2023_01_to_current_vital_historical_predictions.csv		VCV001029334	1029334				1.0			frequency_observed			4.036114330121316e-05	59.0	0.0007808564231738	31.0		0.0007808564231738	59.0		True		84.87987803649594	red_reclassification_priority	True	popmax_AF_gt_1e-4; global_AF_gt_1e-5; AC_ge_20; weak_review; type=SNV; gene_constraint=0.12; detectability=0.83	DPYS	DPYS	8:104381290:G:A	8:104381290:G:A	NM_001385.3(DPYS):c.1468C>T (p.Arg490Cys)	P_LP	P_LP	Pathogenic/Likely pathogenic	criteria provided, single submitter	criteria provided, single submitter	single_submitter	1.0	exact_match	False	False	True	True	True
historical_2023_red_followup	vital_cross_disease_3000_2023_01_to_current_vital_historical_predictions.csv		VCV000636023	636023				5.0			frequency_observed			1.724387669938405e-05	25.0	0.0003487966515521	2.0		0.0003487966515521	25.0		True		82.46840313675412	red_reclassification_priority	True	popmax_AF_gt_1e-4; global_AF_gt_1e-5; AC_ge_20; weak_review; type=duplication; gene_constraint=0.42; detectability=0.38	EYS	EYS	6:65384473:G:GT	6:65384473:G:GT	NM_001142800.2(EYS):c.1211dup (p.Asn404fs)	P_LP	P_LP	Pathogenic/Likely pathogenic	criteria provided, single submitter	criteria provided, single submitter	single_submitter	1.0	exact_match	False	False	True	True	True
historical_2023_red_followup	vital_cross_disease_3000_2023_01_to_current_vital_historical_predictions.csv		VCV001705136	1705136				1.0			frequency_observed			4.038379665184102e-05	59.0	0.0005204718945176	3.0		0.0005204718945176	59.0		True		81.28387723816664	red_reclassification_priority	True	popmax_AF_gt_1e-4; global_AF_gt_1e-5; AC_ge_20; weak_review; type=SNV; gene_constraint=0.25; detectability=0.83	MANBA	MANBA	4:102650653:G:A	4:102650653:G:A	NM_005908.4(MANBA):c.1753C>T (p.Arg585Ter)	P_LP	P_LP	Pathogenic/Likely pathogenic	criteria provided, single submitter	criteria provided, single submitter	single_submitter	1.0	exact_match	False	False	True	True	True
historical_2023_red_followup	vital_cross_disease_3000_2023_01_to_current_vital_historical_predictions.csv		VCV000970097	970097				2.0			frequency_observed			1.983855520591052e-05	29.0	0.0004492867572728	24.0		0.0004492867572728	29.0		True		81.07083693910656	red_reclassification_priority	True	popmax_AF_gt_1e-4; global_AF_gt_1e-5; AC_ge_20; weak_review; type=SNV; gene_constraint=0.25; detectability=0.83	DNAH5	DNAH5	5:13829509:C:T	5:13829509:C:T	NM_001369.3(DNAH5):c.6444+1G>A	P_LP	P_LP	Pathogenic	criteria provided, single submitter	criteria provided, single submitter	single_submitter	1.0	exact_match	False	False	False	False	False
historical_2023_red_followup	vital_cross_disease_3000_2023_01_to_current_vital_historical_predictions.csv		VCV001360900	1360900				1.0			frequency_observed			1.4365064163953263e-05	21.0	0.0004695465521867	21.0		0.0004695465521867	21.0		True		81.04861279157089	red_reclassification_priority	True	popmax_AF_gt_1e-4; global_AF_gt_1e-5; AC_ge_20; weak_review; type=SNV; gene_constraint=0.12; detectability=0.83	DPYS	DPYS	8:104447359:G:A	8:104447359:G:A	NM_001385.3(DPYS):c.568C>T (p.Gln190Ter)	P_LP	P_LP	Pathogenic	criteria provided, single submitter	criteria provided, single submitter	single_submitter	1.0	exact_match	False	False	False	True	True
historical_2023_red_followup	vital_cross_disease_3000_2023_01_to_current_vital_historical_predictions.csv		VCV000988803	988803				1.0			frequency_observed			2.052432817032456e-05	30.0	0.0003246602662214	28.0		0.0003246602662214	30.0		True		79.11694427249816	red_reclassification_priority	True	popmax_AF_gt_1e-4; global_AF_gt_1e-5; AC_ge_20; weak_review; type=SNV; gene_constraint=0.25; detectability=0.83	SLC38A8	SLC38A8	16:84036826:G:C	16:84036826:G:C	NM_001080442.3(SLC38A8):c.264C>G (p.Tyr88Ter)	P_LP	P_LP	Pathogenic/Likely pathogenic	no assertion criteria provided	no assertion criteria provided	weak_or_no_assertion	0.0	exact_match	False	False	True	True	True
historical_2023_red_followup	vital_cross_disease_3000_2023_01_to_current_vital_historical_predictions.csv		VCV000433531	433531				1.0			frequency_observed			1.5051153397250564e-05	22.0	0.0002550606348691	22.0		0.0002550606348691	22.0		True		76.90883322234902	red_reclassification_priority	True	popmax_AF_gt_1e-4; global_AF_gt_1e-5; AC_ge_20; weak_review; type=SNV; gene_constraint=0.25; detectability=0.83	XRCC1	XRCC1	19:43546884:C:G	19:43546884:C:G	NM_006297.3(XRCC1):c.1293G>C (p.Lys431Asn)	P_LP	P_LP	Likely pathogenic	no assertion criteria provided	no assertion criteria provided	weak_or_no_assertion	0.0	exact_match	False	False	True	True	True
historical_2023_red_followup	vital_cross_disease_3000_2023_01_to_current_vital_historical_predictions.csv		VCV000812096	812096				2.0			frequency_observed			0.0001041553888764	152.0	0.000350017500875	2.0		0.000350017500875	152.0		True		76.48804740907264	red_reclassification_priority	True	popmax_AF_gt_1e-4; global_AF_gt_1e-5; AC_ge_20; weak_review; type=SNV; gene_constraint=0.25; detectability=0.83	CFAP91	CFAP91	3:119703222:G:C	3:119703222:G:C	NM_033364.4(CFAP91):c.124G>C (p.Asp42His)	P_LP	VUS	Uncertain significance	no assertion criteria provided	no assertion criteria provided	weak_or_no_assertion	0.0	exact_match	True	True	True	True	True
historical_2023_red_followup	vital_cross_disease_3000_2023_01_to_current_vital_historical_predictions.csv		VCV000998160	998160				1.0			frequency_observed			2.635561633115629e-05	26.0	0.000167455101101	4.0		0.000167455101101	26.0		True		75.66125776413585	red_reclassification_priority	True	popmax_AF_gt_1e-4; global_AF_gt_1e-5; AC_ge_20; weak_review; type=deletion; gene_constraint=0.62; detectability=0.61	DMD	DMD	X:32412179:GA:G	X:32412179:GA:G	NM_004006.3(DMD):c.4072-267del	P_LP	P_LP	Pathogenic	no assertion criteria provided	no assertion criteria provided	weak_or_no_assertion	0.0	exact_match	False	False	False	False	False
historical_2023_red_followup	vital_cross_disease_3000_2023_01_to_current_vital_historical_predictions.csv		VCV001488673	1488673				1.0			frequency_observed			4.903568265332079e-05	32.0	0.0002889457607529	7.0		0.0002889457607529	32.0		True		73.6066028671974	red_reclassification_priority	True	popmax_AF_gt_1e-4; global_AF_gt_1e-5; AC_ge_20; weak_review; type=SNV; gene_constraint=0.23; detectability=0.83	VPS13B	VPS13B	8:99832367:A:G	8:99832367:A:G	NM_152564.5(VPS13B):c.9331-2A>G	P_LP	P_LP	Pathogenic	criteria provided, single submitter	criteria provided, single submitter	single_submitter	1.0	exact_match	False	False	True	False	True
historical_2023_red_followup	vital_cross_disease_3000_2023_01_to_current_vital_historical_predictions.csv		VCV000218160	218160				1.0			frequency_observed			3.4207400839586444e-05	50.0	0.0001497566454511	8.0		0.0001497566454511	50.0		True		70.01093563378913	red_reclassification_priority	True	popmax_AF_gt_1e-4; global_AF_gt_1e-5; AC_ge_20; weak_review; type=deletion; gene_constraint=0.25; detectability=0.61	IFNAR2	IFNAR2	21:33246806:GA:G	21:33246806:GA:G	NM_001289125.3(IFNAR2):c.311del (p.Glu104fs)	P_LP	P_LP	Pathogenic	no assertion criteria provided	no assertion criteria provided	weak_or_no_assertion	0.0	exact_match	False	False	False	True	True
